INSERT INTO ranks (label, short) VALUES ('Quarterback', 'QB');
INSERT INTO ranks (label, short) VALUES ('Runningback', 'RB');
INSERT INTO ranks (label, short) VALUES ('Wide Receiver', 'WR');
INSERT INTO ranks (label, short) VALUES ('Tight End', 'TE');
INSERT INTO ranks (label, short) VALUES ('Tackle', 'T');
INSERT INTO ranks (label, short) VALUES ('Guard', 'G');
INSERT INTO ranks (label, short) VALUES ('Center', 'C');
INSERT INTO ranks (label, short) VALUES ('Defensive Tackle', 'DT');
INSERT INTO ranks (label, short) VALUES ('Defensive End', 'DE');
INSERT INTO ranks (label, short) VALUES ('Linebacker', 'LB');
INSERT INTO ranks (label, short) VALUES ('Outside-Linebacker', 'OLB');
INSERT INTO ranks (label, short) VALUES ('Cornerback', 'CB');
INSERT INTO ranks (label, short) VALUES ('Strong Saftey', 'STS');
INSERT INTO ranks (label, short) VALUES ('Free Saftey', 'FS');
INSERT INTO ranks (label, short) VALUES ('Kicker', 'K');
INSERT INTO ranks (label, short) VALUES ('Long Snapper', 'LS');
INSERT INTO ranks (label, short) VALUES ('Punter', 'P');
INSERT INTO ranks (label, short) VALUES ('User', 'U');

INSERT INTO user (username, password, forename, surname, rankID) VALUES ('Product Owner', MD5('Irgendwas'), 'Alexander', 'Faust', 18);
INSERT INTO user (username, password, forename, surname, rankID) VALUES ('Headcoach', MD5('Januar2016'), 'Bill', 'Belichick', 18);
INSERT INTO user (username, password, forename, surname, rankID) VALUES ('Runners', MD5('Februar2017'), 'Ivan', 'Fears', 18);
INSERT INTO user (username, password, forename, surname, rankID) VALUES ('Tights', MD5('März2018'), 'Brian', 'Daboll', 18);
INSERT INTO user (username, password, forename, surname, rankID) VALUES ('Corners', MD5('April2019'), 'Josh', 'Boyer', 18);
INSERT INTO user (username, password, forename, surname, rankID) VALUES ('Obertrainer', MD5('Mai0123456'), 'Pete', 'Carroll', 18);
INSERT INTO user (username, password, forename, surname, rankID) VALUES ('Seniorencoach', MD5('Juni2020'), 'Chuck', 'Knox', 18);
INSERT INTO user (username, password, forename, surname, rankID) VALUES ('Assistant', MD5('Juli2021'), 'Tom', 'Cable', 18);
INSERT INTO user (username, password, forename, surname, rankID) VALUES ('Verteidigung', MD5('August2022'), 'Kris', 'Richard', 18);
INSERT INTO user (username, password, forename, surname, rankID) VALUES ('Cheftrainer', MD5('September2023'), 'Mike', 'McCarthy', 18);
INSERT INTO user (username, password, forename, surname, rankID) VALUES ('Linebakers', MD5('Oktober2024'), 'Winston', 'Moss', 18);
INSERT INTO user (username, password, forename, surname, rankID) VALUES ('Trainer', MD5('November2025'), 'Ron ', 'Zook', 18);
INSERT INTO user (username, password, forename, surname, rankID) VALUES ('Safties', MD5('Dezember2026'), 'Darren', 'Perry', 18);

INSERT INTO buildings (number, notes, alias) VALUES (1, 'Ausbau geplant', 'Gilette Stadium');
INSERT INTO buildings (number, notes, alias) VALUES (2, '', '');
INSERT INTO buildings (number, notes, alias) VALUES (3, '', 'Lambeau Field');
INSERT INTO buildings (number, notes, alias) VALUES (4, 'Sanierung geplant', '');
INSERT INTO buildings (number, notes, alias) VALUES (5, '', 'CenturyLink Field');
INSERT INTO buildings (number, notes, alias) VALUES (6, 'kleiner Block', '');
INSERT INTO buildings (number, notes, alias) VALUES (7, '', '');

INSERT INTO units (name, short, member) VALUES ('National Football League', 'NFL', NULL);
INSERT INTO units (name, short, member) VALUES ('New England Patriots', 'PAT', 1);
INSERT INTO units (name, short, member) VALUES ('Offensive', 'OFF', 2);
INSERT INTO units (name, short, member) VALUES ('Defensive', 'DEF', 2);
INSERT INTO units (name, short, member) VALUES ('Special Teams', 'SPT', 2);
INSERT INTO units (name, short, member) VALUES ('Seattle Seahawks', 'SEA', 1);
INSERT INTO units (name, short, member) VALUES ('Offensive', 'OFF', 6);
INSERT INTO units (name, short, member) VALUES ('Defensive', 'DEF', 6);
INSERT INTO units (name, short, member) VALUES ('Special Teams', 'SPT', 6);
INSERT INTO units (name, short, member) VALUES ('Greenbay Packers', 'GBP', 1);
INSERT INTO units (name, short, member) VALUES ('Offensive', 'OFF', 10);
INSERT INTO units (name, short, member) VALUES ('Defensive', 'DEF', 10);
INSERT INTO units (name, short, member) VALUES ('Special Teams', 'SPT', 10);

INSERT INTO residents (forename, surname, rankID, unitID, sex) VALUES ('Tom', 'Brady', 1, 3, 'male');
INSERT INTO residents (forename, surname, rankID, unitID, sex) VALUES ('Jimmy', 'Garoppolo', 1, 2, 'male');
INSERT INTO residents (forename, surname, rankID, unitID, sex) VALUES ('Brandon', 'Bolden', 2, 3, 'male');
INSERT INTO residents (forename, surname, rankID, unitID, sex) VALUES ('James', 'White', 2, 3, 'male');
INSERT INTO residents (forename, surname, rankID, unitID, sex) VALUES ('Steve', 'Jackson', 2, 3, 'male');
INSERT INTO residents (forename, surname, rankID, unitID, sex) VALUES ('Danny', 'Amendola', 3, 3, 'male');
INSERT INTO residents (forename, surname, rankID, unitID, sex) VALUES ('Julian', 'Edelmann', 3, 3, 'male');
INSERT INTO residents (forename, surname, rankID, unitID, sex) VALUES ('Martin', 'Keshawn', 3, 3, 'male');
INSERT INTO residents (forename, surname, rankID, unitID, sex) VALUES ('Rob', 'Gronkowski', 4, 3, 'male');
INSERT INTO residents (forename, surname, rankID, unitID, sex) VALUES ('Scott', 'Chandler', 4, 3, 'male');
INSERT INTO residents (forename, surname, rankID, unitID, sex) VALUES ('Michael', 'Williams', 4, 2, 'male');
INSERT INTO residents (forename, surname, rankID, unitID, sex) VALUES ('Sebastian', 'Vollmer', 5, 3, 'male');
INSERT INTO residents (forename, surname, rankID, unitID, sex) VALUES ('Marcus', 'Cannon', 5, 3, 'male');
INSERT INTO residents (forename, surname, rankID, unitID, sex) VALUES ('Tre', 'Jackson', 6, 2, 'female');
INSERT INTO residents (forename, surname, rankID, unitID, sex) VALUES ('Josh', 'Kline', 6, 3, 'male');
INSERT INTO residents (forename, surname, rankID, unitID, sex) VALUES ('Shaq', 'Mason', 6, 3, 'male');
INSERT INTO residents (forename, surname, rankID, unitID, sex) VALUES ('David', 'Andrews', 7, 4, 'male');
INSERT INTO residents (forename, surname, rankID, unitID, sex) VALUES ('Bryan', 'Stork', 7, 4, 'male');
INSERT INTO residents (forename, surname, rankID, unitID, sex) VALUES ('Alan', 'Branch', 8, 4, 'male');
INSERT INTO residents (forename, surname, rankID, unitID, sex) VALUES ('Malcom', 'Brown', 8, 4, 'male');
INSERT INTO residents (forename, surname, rankID, unitID, sex) VALUES ('Akiem', 'Hicks', 8, 2, 'male');
INSERT INTO residents (forename, surname, rankID, unitID, sex) VALUES ('Chandler', 'Jones', 9, 4, 'male');
INSERT INTO residents (forename, surname, rankID, unitID, sex) VALUES ('Rob', 'Ninkovich', 9, 4, 'male');
INSERT INTO residents (forename, surname, rankID, unitID, sex) VALUES ('Jabaal', 'Sheard', 9, 4, 'female');
INSERT INTO residents (forename, surname, rankID, unitID, sex) VALUES ('Donta', 'Hightower', 10, 4, 'male');
INSERT INTO residents (forename, surname, rankID, unitID, sex) VALUES ('Jerod', 'Mayo', 10, 4, 'male');
INSERT INTO residents (forename, surname, rankID, unitID, sex) VALUES ('Jamie', 'Collins', 11, 4, 'female');
INSERT INTO residents (forename, surname, rankID, unitID, sex) VALUES ('Darius', 'Fleming', 11, 4, 'male');
INSERT INTO residents (forename, surname, rankID, unitID, sex) VALUES ('Jonathan', 'Freeny', 11, 2, 'male');
INSERT INTO residents (forename, surname, rankID, unitID, sex) VALUES ('Malcom', 'Butler', 12, 4, 'male');
INSERT INTO residents (forename, surname, rankID, unitID, sex) VALUES ('Justin', 'Coleman', 12, 4, 'male');
INSERT INTO residents (forename, surname, rankID, unitID, sex) VALUES ('Patrick', 'Chung', 13, 4, 'male');
INSERT INTO residents (forename, surname, rankID, unitID, sex) VALUES ('Nate', 'Ebner', 13, 4, 'male');
INSERT INTO residents (forename, surname, rankID, unitID, sex) VALUES ('Tavon', 'Wilson', 14, 4, 'female');
INSERT INTO residents (forename, surname, rankID, unitID, sex) VALUES ('Duron', 'Harmon', 14, 2, 'male');
INSERT INTO residents (forename, surname, rankID, unitID, sex) VALUES ('Stephan', 'Gostkowski', 15, 5, 'male');
INSERT INTO residents (forename, surname, rankID, unitID, sex) VALUES ('Joe', 'Cardona', 16, 5, 'male');
INSERT INTO residents (forename, surname, rankID, unitID, sex) VALUES ('Ryan', 'Allen', 17, 5, 'male');
INSERT INTO residents (forename, surname, rankID, unitID, sex) VALUES ('Russel', 'Wilson', 1, 7, 'male');
INSERT INTO residents (forename, surname, rankID, unitID, sex) VALUES ('Tarvaris', 'Jackson', 1, 6, 'male');
INSERT INTO residents (forename, surname, rankID, unitID, sex) VALUES ('Marshawn', 'Lynch', 2, 7, 'male');
INSERT INTO residents (forename, surname, rankID, unitID, sex) VALUES ('Bryce', 'Brown', 2, 7, 'male');
INSERT INTO residents (forename, surname, rankID, unitID, sex) VALUES ('Fred ', 'Jackson', 2, 6, 'male');
INSERT INTO residents (forename, surname, rankID, unitID, sex) VALUES ('Tyler', 'Lockett', 3, 7, 'female');
INSERT INTO residents (forename, surname, rankID, unitID, sex) VALUES ('Jermaine', 'Kearse', 3, 7, 'male');
INSERT INTO residents (forename, surname, rankID, unitID, sex) VALUES ('Kevin', 'Smith', 3, 7, 'male');
INSERT INTO residents (forename, surname, rankID, unitID, sex) VALUES ('Luke', 'Wilson', 4, 7, 'male');
INSERT INTO residents (forename, surname, rankID, unitID, sex) VALUES ('Chase', 'Coffman', 4, 7, 'female');
INSERT INTO residents (forename, surname, rankID, unitID, sex) VALUES ('Cooper', 'Helfet', 4, 7, 'male');
INSERT INTO residents (forename, surname, rankID, unitID, sex) VALUES ('Garry', 'Gillian', 5, 6, 'male');
INSERT INTO residents (forename, surname, rankID, unitID, sex) VALUES ('Russel', 'Okung', 5, 7, 'male');
INSERT INTO residents (forename, surname, rankID, unitID, sex) VALUES ('Justin', 'Britt', 6, 7, 'male');
INSERT INTO residents (forename, surname, rankID, unitID, sex) VALUES ('Mark', 'Glowinski', 6, 7, 'male');
INSERT INTO residents (forename, surname, rankID, unitID, sex) VALUES ('J.R.', 'Sweezy', 6, 6, 'male');
INSERT INTO residents (forename, surname, rankID, unitID, sex) VALUES ('Patrick', 'Lewis', 7, 7, 'male');
INSERT INTO residents (forename, surname, rankID, unitID, sex) VALUES ('Kristjan', 'Sokoli', 7, 7, 'male');
INSERT INTO residents (forename, surname, rankID, unitID, sex) VALUES ('A.J.', 'Francis', 8, 8, 'male');
INSERT INTO residents (forename, surname, rankID, unitID, sex) VALUES ('Jordan', 'Hill', 8, 8, 'male');
INSERT INTO residents (forename, surname, rankID, unitID, sex) VALUES ('Ahtyba', 'Rubin', 8, 6, 'female');
INSERT INTO residents (forename, surname, rankID, unitID, sex) VALUES ('Michael', 'Benett', 9, 8, 'male');
INSERT INTO residents (forename, surname, rankID, unitID, sex) VALUES ('Demarcus', 'Dobbs', 9, 8, 'male');
INSERT INTO residents (forename, surname, rankID, unitID, sex) VALUES ('Cliff', 'Avril', 9, 6, 'male');
INSERT INTO residents (forename, surname, rankID, unitID, sex) VALUES ('Bobby ', 'Wagner', 10, 8, 'male');
INSERT INTO residents (forename, surname, rankID, unitID, sex) VALUES ('Bruce', 'Irvin', 10, 8, 'male');
INSERT INTO residents (forename, surname, rankID, unitID, sex) VALUES ('Kevin', 'Piere-Lewis', 11, 8, 'male');
INSERT INTO residents (forename, surname, rankID, unitID, sex) VALUES ('Mike', 'Morgan', 11, 8, 'male');
INSERT INTO residents (forename, surname, rankID, unitID, sex) VALUES ('Brock', 'Coyle', 11, 6, 'male');
INSERT INTO residents (forename, surname, rankID, unitID, sex) VALUES ('Richard', 'Sherman', 12, 8, 'male');
INSERT INTO residents (forename, surname, rankID, unitID, sex) VALUES ('Tye', 'Smith', 12, 6, 'female');
INSERT INTO residents (forename, surname, rankID, unitID, sex) VALUES ('Kam', 'Chancellor', 13, 8, 'male');
INSERT INTO residents (forename, surname, rankID, unitID, sex) VALUES ('DeShawn', 'Shead', 13, 8, 'male');
INSERT INTO residents (forename, surname, rankID, unitID, sex) VALUES ('Earl', 'Thomas', 14, 6, 'male');
INSERT INTO residents (forename, surname, rankID, unitID, sex) VALUES ('Steven', 'Terell', 14, 8, 'male');
INSERT INTO residents (forename, surname, rankID, unitID, sex) VALUES ('Steven', 'Hauschka', 15, 9, 'male');
INSERT INTO residents (forename, surname, rankID, unitID, sex) VALUES ('Clint', 'Gresham', 16, 9, 'male');
INSERT INTO residents (forename, surname, rankID, unitID, sex) VALUES ('Jon', 'Ryan', 17, 9, 'male');
INSERT INTO residents (forename, surname, rankID, unitID, sex) VALUES ('Aaron', 'Rodgers', 1, 11, 'male');
INSERT INTO residents (forename, surname, rankID, unitID, sex) VALUES ('Brett', 'Hundley', 1, 10, 'male');
INSERT INTO residents (forename, surname, rankID, unitID, sex) VALUES ('Eddy', 'Lacy', 2, 11, 'male');
INSERT INTO residents (forename, surname, rankID, unitID, sex) VALUES ('John', 'Kuhn', 2, 11, 'male');
INSERT INTO residents (forename, surname, rankID, unitID, sex) VALUES ('James', 'Starks', 2, 11, 'male');
INSERT INTO residents (forename, surname, rankID, unitID, sex) VALUES ('Randall', 'Cobb', 3, 11, 'male');
INSERT INTO residents (forename, surname, rankID, unitID, sex) VALUES ('Jeff', 'Janis', 3, 10, 'male');
INSERT INTO residents (forename, surname, rankID, unitID, sex) VALUES ('James', 'Jones', 3, 11, 'male');
INSERT INTO residents (forename, surname, rankID, unitID, sex) VALUES ('Richard', 'Rodgers', 4, 11, 'male');
INSERT INTO residents (forename, surname, rankID, unitID, sex) VALUES ('Andrew', 'Quarless', 4, 11, 'male');
INSERT INTO residents (forename, surname, rankID, unitID, sex) VALUES ('Kennard', 'Backman', 4, 10, 'male');
INSERT INTO residents (forename, surname, rankID, unitID, sex) VALUES ('Don', 'Barclay', 5, 11, 'male');
INSERT INTO residents (forename, surname, rankID, unitID, sex) VALUES ('Bryan', 'Bulaga', 5, 10, 'male');
INSERT INTO residents (forename, surname, rankID, unitID, sex) VALUES ('Josh', 'Sitton', 6, 11, 'male');
INSERT INTO residents (forename, surname, rankID, unitID, sex) VALUES ('Josh', 'Walker', 6, 11, 'male');
INSERT INTO residents (forename, surname, rankID, unitID, sex) VALUES ('Lane', 'Taylor', 6, 10, 'female');
INSERT INTO residents (forename, surname, rankID, unitID, sex) VALUES ('Corey', 'Linsley', 7, 11, 'female');
INSERT INTO residents (forename, surname, rankID, unitID, sex) VALUES ('J.C. ', 'Tretter', 7, 10, 'male');
INSERT INTO residents (forename, surname, rankID, unitID, sex) VALUES ('Mike', 'Pennel', 8, 12, 'male');
INSERT INTO residents (forename, surname, rankID, unitID, sex) VALUES ('B.J.', 'Raji', 8, 10, 'male');
INSERT INTO residents (forename, surname, rankID, unitID, sex) VALUES ('Christian', 'Ringo', 8, 12, 'male');
INSERT INTO residents (forename, surname, rankID, unitID, sex) VALUES ('Josh', 'Boyd', 9, 10, 'male');
INSERT INTO residents (forename, surname, rankID, unitID, sex) VALUES ('Mike', 'Daniels', 9, 12, 'male');
INSERT INTO residents (forename, surname, rankID, unitID, sex) VALUES ('Bruce', 'Gaston', 9, 12, 'male');
INSERT INTO residents (forename, surname, rankID, unitID, sex) VALUES ('Carl', 'Bradford', 10, 12, 'male');
INSERT INTO residents (forename, surname, rankID, unitID, sex) VALUES ('Nate', 'Palmer', 10, 12, 'male');
INSERT INTO residents (forename, surname, rankID, unitID, sex) VALUES ('Nick', 'Perry', 11, 12, 'male');
INSERT INTO residents (forename, surname, rankID, unitID, sex) VALUES ('Julius', 'Peppers', 11, 10, 'male');
INSERT INTO residents (forename, surname, rankID, unitID, sex) VALUES ('Clay', 'Matthews', 11, 12, 'male');
INSERT INTO residents (forename, surname, rankID, unitID, sex) VALUES ('Casey', 'Hayward', 12, 12, 'male');
INSERT INTO residents (forename, surname, rankID, unitID, sex) VALUES ('Sam ', 'Shields', 12, 12, 'female');
INSERT INTO residents (forename, surname, rankID, unitID, sex) VALUES ('Sean', 'Richardson', 13, 12, 'male');
INSERT INTO residents (forename, surname, rankID, unitID, sex) VALUES ('Morgan', 'Burnett', 13, 12, 'male');
INSERT INTO residents (forename, surname, rankID, unitID, sex) VALUES ('Ha Ha', 'Clinton-Dix', 14, 12, 'female');
INSERT INTO residents (forename, surname, rankID, unitID, sex) VALUES ('Chris', 'Banjo', 14, 10, 'male');
INSERT INTO residents (forename, surname, rankID, unitID, sex) VALUES ('Mason', 'Crosby', 15, 13, 'male');
INSERT INTO residents (forename, surname, rankID, unitID, sex) VALUES ('Brett', 'Goode', 16, 13, 'male');
INSERT INTO residents (forename, surname, rankID, unitID, sex) VALUES ('Tim', 'Masthay', 17, 13, 'male');

INSERT INTO utilisation (label, usable) VALUES ('Büro', 0);
INSERT INTO utilisation (label, usable) VALUES ('Gemeinschaftsraum', 1);
INSERT INTO utilisation (label, usable) VALUES ('Küche', 1);
INSERT INTO utilisation (label, usable) VALUES ('Putzraum', 1);
INSERT INTO utilisation (label, usable) VALUES ('WC Damen', 1);
INSERT INTO utilisation (label, usable) VALUES ('WC Herren', 1);
INSERT INTO utilisation (label, usable) VALUES ('Dusche Damen', 1);
INSERT INTO utilisation (label, usable) VALUES ('Dusche Herren', 1);
INSERT INTO utilisation (label, usable) VALUES ('WC gemischt', 1);
INSERT INTO utilisation (label, usable) VALUES ('Dusche gemischt', 1);
INSERT INTO utilisation (label, usable) VALUES ('Keller', 1);
INSERT INTO utilisation (label, usable) VALUES ('Fahrradraum', 1);
INSERT INTO utilisation (label, usable) VALUES ('Server-/Technikraum', 1);

INSERT INTO room (buildingID, unitID, useID, number, maxoccupancy, notes) VALUES (1, 2, 1, '0.01', 1, '');
INSERT INTO room (buildingID, unitID, useID, number, maxoccupancy, notes) VALUES (1, 2, 1, '0.02', 2, '');
INSERT INTO room (buildingID, unitID, useID, number, maxoccupancy, notes) VALUES (1, 2, 1, '0.03', 2, '');
INSERT INTO room (buildingID, unitID, useID, number, maxoccupancy, notes) VALUES (1, 2, 1, '0.04', 2, '');
INSERT INTO room (buildingID, unitID, useID, number, maxoccupancy, notes) VALUES (1, 2, 1, '0.05', 2, '');
INSERT INTO room (buildingID, unitID, useID, number, maxoccupancy, notes) VALUES (1, 2, 1, '0.06', 2, '');
INSERT INTO room (buildingID, unitID, useID, number, maxoccupancy, notes) VALUES (1, 2, 1, '0.07', 2, '');
INSERT INTO room (buildingID, unitID, useID, number, maxoccupancy, notes) VALUES (1, 2, 1, '0.08', 2, '');
INSERT INTO room (buildingID, unitID, useID, number, maxoccupancy, notes) VALUES (1, 2, 1, '0.09', 2, '');
INSERT INTO room (buildingID, unitID, useID, number, maxoccupancy, notes) VALUES (1, 2, 1, '0.10', 4, '');
INSERT INTO room (buildingID, unitID, useID, number, maxoccupancy, notes) VALUES (1, 2, 1, '0.11', 4, '');
INSERT INTO room (buildingID, unitID, useID, number, maxoccupancy, notes) VALUES (1, 2, 6, '0.12', 0, '');
INSERT INTO room (buildingID, unitID, useID, number, maxoccupancy, notes) VALUES (1, 2, 7, '0.13', 0, '');
INSERT INTO room (buildingID, unitID, useID, number, maxoccupancy, notes) VALUES (1, 2, 8, '0.14', 0, '');
INSERT INTO room (buildingID, unitID, useID, number, maxoccupancy, notes) VALUES (1, 2, 9, '0.15', 0, '');
INSERT INTO room (buildingID, unitID, useID, number, maxoccupancy, notes) VALUES (1, 2, 1, '1.01', 2, '');
INSERT INTO room (buildingID, unitID, useID, number, maxoccupancy, notes) VALUES (1, 2, 1, '1.02', 2, '');
INSERT INTO room (buildingID, unitID, useID, number, maxoccupancy, notes) VALUES (1, 2, 1, '1.03', 2, '');
INSERT INTO room (buildingID, unitID, useID, number, maxoccupancy, notes) VALUES (1, 2, 1, '1.04', 2, '');
INSERT INTO room (buildingID, unitID, useID, number, maxoccupancy, notes) VALUES (1, 2, 1, '1.05', 2, '');
INSERT INTO room (buildingID, unitID, useID, number, maxoccupancy, notes) VALUES (1, 2, 1, '1.06', 2, '');
INSERT INTO room (buildingID, unitID, useID, number, maxoccupancy, notes) VALUES (1, 2, 1, '1.07', 2, '');
INSERT INTO room (buildingID, unitID, useID, number, maxoccupancy, notes) VALUES (1, 2, 1, '1.08', 2, '');
INSERT INTO room (buildingID, unitID, useID, number, maxoccupancy, notes) VALUES (1, 2, 1, '1.09', 2, '');
INSERT INTO room (buildingID, unitID, useID, number, maxoccupancy, notes) VALUES (1, 2, 1, '1.10', 1, '');
INSERT INTO room (buildingID, unitID, useID, number, maxoccupancy, notes) VALUES (1, 2, 3, '1.11', 0, '');
INSERT INTO room (buildingID, unitID, useID, number, maxoccupancy, notes) VALUES (1, 2, 5, '1.12', 0, '');
INSERT INTO room (buildingID, unitID, useID, number, maxoccupancy, notes) VALUES (1, 2, 4, '1.13', 0, '');
INSERT INTO room (buildingID, unitID, useID, number, maxoccupancy, notes) VALUES (2, 2, 1, '0.01', 2, '');
INSERT INTO room (buildingID, unitID, useID, number, maxoccupancy, notes) VALUES (2, 2, 1, '0.02', 2, '');
INSERT INTO room (buildingID, unitID, useID, number, maxoccupancy, notes) VALUES (2, 2, 1, '0.03', 2, '');
INSERT INTO room (buildingID, unitID, useID, number, maxoccupancy, notes) VALUES (2, 2, 1, '0.04', 2, '');
INSERT INTO room (buildingID, unitID, useID, number, maxoccupancy, notes) VALUES (2, 2, 1, '0.05', 2, '');
INSERT INTO room (buildingID, unitID, useID, number, maxoccupancy, notes) VALUES (2, 2, 1, '0.06', 2, '');
INSERT INTO room (buildingID, unitID, useID, number, maxoccupancy, notes) VALUES (2, 2, 1, '0.07', 2, '');
INSERT INTO room (buildingID, unitID, useID, number, maxoccupancy, notes) VALUES (2, 2, 1, '0.08', 2, '');
INSERT INTO room (buildingID, unitID, useID, number, maxoccupancy, notes) VALUES (2, 2, 1, '0.09', 2, '');
INSERT INTO room (buildingID, unitID, useID, number, maxoccupancy, notes) VALUES (2, 2, 1, '0.10', 2, '');
INSERT INTO room (buildingID, unitID, useID, number, maxoccupancy, notes) VALUES (2, 2, 1, '0.11', 2, '');
INSERT INTO room (buildingID, unitID, useID, number, maxoccupancy, notes) VALUES (2, 2, 6, '0.12', 0, '');
INSERT INTO room (buildingID, unitID, useID, number, maxoccupancy, notes) VALUES (2, 2, 7, '0.13', 0, '');
INSERT INTO room (buildingID, unitID, useID, number, maxoccupancy, notes) VALUES (2, 2, 8, '0.14', 0, '');
INSERT INTO room (buildingID, unitID, useID, number, maxoccupancy, notes) VALUES (2, 2, 9, '0.15', 0, '');
INSERT INTO room (buildingID, unitID, useID, number, maxoccupancy, notes) VALUES (2, 2, 1, '1.01', 6, '');
INSERT INTO room (buildingID, unitID, useID, number, maxoccupancy, notes) VALUES (2, 2, 1, '1.02', 2, '');
INSERT INTO room (buildingID, unitID, useID, number, maxoccupancy, notes) VALUES (2, 2, 1, '1.03', 1, '');
INSERT INTO room (buildingID, unitID, useID, number, maxoccupancy, notes) VALUES (2, 2, 1, '1.04', 1, '');
INSERT INTO room (buildingID, unitID, useID, number, maxoccupancy, notes) VALUES (2, 2, 1, '1.05', 2, '');
INSERT INTO room (buildingID, unitID, useID, number, maxoccupancy, notes) VALUES (2, 2, 1, '1.06', 2, '');
INSERT INTO room (buildingID, unitID, useID, number, maxoccupancy, notes) VALUES (2, 2, 3, '1.07', 0, '');
INSERT INTO room (buildingID, unitID, useID, number, maxoccupancy, notes) VALUES (2, 2, 5, '1.08', 0, '');
INSERT INTO room (buildingID, unitID, useID, number, maxoccupancy, notes) VALUES (2, 2, 4, '1.09', 0, '');
INSERT INTO room (buildingID, unitID, useID, number, maxoccupancy, notes) VALUES (2, 6, 1, '1.10', 2, '');
INSERT INTO room (buildingID, unitID, useID, number, maxoccupancy, notes) VALUES (2, 6, 1, '1.11', 2, '');
INSERT INTO room (buildingID, unitID, useID, number, maxoccupancy, notes) VALUES (2, 6, 1, '1.12', 2, '');
INSERT INTO room (buildingID, unitID, useID, number, maxoccupancy, notes) VALUES (2, 6, 1, '1.13', 2, '');
INSERT INTO room (buildingID, unitID, useID, number, maxoccupancy, notes) VALUES (3, 6, 1, '0.01', 2, '');
INSERT INTO room (buildingID, unitID, useID, number, maxoccupancy, notes) VALUES (3, 6, 1, '0.02', 2, '');
INSERT INTO room (buildingID, unitID, useID, number, maxoccupancy, notes) VALUES (3, 6, 1, '0.03', 2, '');
INSERT INTO room (buildingID, unitID, useID, number, maxoccupancy, notes) VALUES (3, 6, 1, '0.04', 2, '');
INSERT INTO room (buildingID, unitID, useID, number, maxoccupancy, notes) VALUES (3, 6, 1, '0.05', 2, '');
INSERT INTO room (buildingID, unitID, useID, number, maxoccupancy, notes) VALUES (3, 6, 1, '0.06', 2, '');
INSERT INTO room (buildingID, unitID, useID, number, maxoccupancy, notes) VALUES (3, 6, 1, '0.07', 2, '');
INSERT INTO room (buildingID, unitID, useID, number, maxoccupancy, notes) VALUES (3, 6, 6, '0.08', 0, '');
INSERT INTO room (buildingID, unitID, useID, number, maxoccupancy, notes) VALUES (3, 6, 7, '0.09', 0, '');
INSERT INTO room (buildingID, unitID, useID, number, maxoccupancy, notes) VALUES (3, 6, 8, '0.10', 0, '');
INSERT INTO room (buildingID, unitID, useID, number, maxoccupancy, notes) VALUES (3, 6, 9, '0.11', 0, '');
INSERT INTO room (buildingID, unitID, useID, number, maxoccupancy, notes) VALUES (3, 6, 1, '0.12', 2, '');
INSERT INTO room (buildingID, unitID, useID, number, maxoccupancy, notes) VALUES (3, 6, 1, '0.13', 2, '');
INSERT INTO room (buildingID, unitID, useID, number, maxoccupancy, notes) VALUES (3, 6, 1, '0.14', 2, '');
INSERT INTO room (buildingID, unitID, useID, number, maxoccupancy, notes) VALUES (3, 6, 1, '0.15', 2, '');
INSERT INTO room (buildingID, unitID, useID, number, maxoccupancy, notes) VALUES (3, 6, 1, '1.01', 2, '');
INSERT INTO room (buildingID, unitID, useID, number, maxoccupancy, notes) VALUES (3, 6, 1, '1.02', 2, '');
INSERT INTO room (buildingID, unitID, useID, number, maxoccupancy, notes) VALUES (3, 6, 1, '1.03', 2, '');
INSERT INTO room (buildingID, unitID, useID, number, maxoccupancy, notes) VALUES (3, 6, 1, '1.04', 2, '');
INSERT INTO room (buildingID, unitID, useID, number, maxoccupancy, notes) VALUES (3, 6, 1, '1.05', 2, '');
INSERT INTO room (buildingID, unitID, useID, number, maxoccupancy, notes) VALUES (3, 6, 1, '1.06', 2, '');
INSERT INTO room (buildingID, unitID, useID, number, maxoccupancy, notes) VALUES (3, 6, 3, '1.07', 0, '');
INSERT INTO room (buildingID, unitID, useID, number, maxoccupancy, notes) VALUES (3, 6, 5, '1.08', 0, '');
INSERT INTO room (buildingID, unitID, useID, number, maxoccupancy, notes) VALUES (3, 6, 2, '1.09', 1, '');
INSERT INTO room (buildingID, unitID, useID, number, maxoccupancy, notes) VALUES (3, 6, 2, '1.10', 1, '');
INSERT INTO room (buildingID, unitID, useID, number, maxoccupancy, notes) VALUES (3, 6, 2, '1.11', 2, '');
INSERT INTO room (buildingID, unitID, useID, number, maxoccupancy, notes) VALUES (3, 6, 1, '1.12', 2, '');
INSERT INTO room (buildingID, unitID, useID, number, maxoccupancy, notes) VALUES (3, 6, 1, '1.13', 2, '');
INSERT INTO room (buildingID, unitID, useID, number, maxoccupancy, notes) VALUES (4, 6, 1, '0.01', 2, '');
INSERT INTO room (buildingID, unitID, useID, number, maxoccupancy, notes) VALUES (4, 6, 1, '0.02', 2, '');
INSERT INTO room (buildingID, unitID, useID, number, maxoccupancy, notes) VALUES (4, 6, 1, '0.03', 2, '');
INSERT INTO room (buildingID, unitID, useID, number, maxoccupancy, notes) VALUES (4, 6, 1, '0.04', 2, '');
INSERT INTO room (buildingID, unitID, useID, number, maxoccupancy, notes) VALUES (4, 6, 1, '0.05', 2, '');
INSERT INTO room (buildingID, unitID, useID, number, maxoccupancy, notes) VALUES (4, 6, 1, '0.06', 2, '');
INSERT INTO room (buildingID, unitID, useID, number, maxoccupancy, notes) VALUES (4, 6, 1, '0.07', 2, '');
INSERT INTO room (buildingID, unitID, useID, number, maxoccupancy, notes) VALUES (4, 6, 6, '0.08', 0, '');
INSERT INTO room (buildingID, unitID, useID, number, maxoccupancy, notes) VALUES (4, 6, 7, '0.09', 0, '');
INSERT INTO room (buildingID, unitID, useID, number, maxoccupancy, notes) VALUES (4, 6, 8, '0.10', 0, '');
INSERT INTO room (buildingID, unitID, useID, number, maxoccupancy, notes) VALUES (4, 6, 9, '0.11', 0, '');
INSERT INTO room (buildingID, unitID, useID, number, maxoccupancy, notes) VALUES (4, 6, 2, '0.12', 1, '');
INSERT INTO room (buildingID, unitID, useID, number, maxoccupancy, notes) VALUES (4, 6, 2, '0.13', 1, '');
INSERT INTO room (buildingID, unitID, useID, number, maxoccupancy, notes) VALUES (4, 6, 1, '0.14', 2, '');
INSERT INTO room (buildingID, unitID, useID, number, maxoccupancy, notes) VALUES (4, 6, 1, '0.15', 2, '');
INSERT INTO room (buildingID, unitID, useID, number, maxoccupancy, notes) VALUES (4, 6, 1, '1.01', 2, '');
INSERT INTO room (buildingID, unitID, useID, number, maxoccupancy, notes) VALUES (4, 6, 1, '1.02', 2, '');
INSERT INTO room (buildingID, unitID, useID, number, maxoccupancy, notes) VALUES (4, 6, 1, '1.03', 2, '');
INSERT INTO room (buildingID, unitID, useID, number, maxoccupancy, notes) VALUES (4, 6, 1, '1.04', 2, '');
INSERT INTO room (buildingID, unitID, useID, number, maxoccupancy, notes) VALUES (4, 6, 1, '1.05', 2, '');
INSERT INTO room (buildingID, unitID, useID, number, maxoccupancy, notes) VALUES (4, 6, 1, '1.06', 2, '');
INSERT INTO room (buildingID, unitID, useID, number, maxoccupancy, notes) VALUES (4, 10, 1, '1.07', 2, '');
INSERT INTO room (buildingID, unitID, useID, number, maxoccupancy, notes) VALUES (4, 10, 1, '1.08', 2, '');
INSERT INTO room (buildingID, unitID, useID, number, maxoccupancy, notes) VALUES (4, 10, 1, '1.09', 2, '');
INSERT INTO room (buildingID, unitID, useID, number, maxoccupancy, notes) VALUES (4, 10, 1, '1.10', 2, '');
INSERT INTO room (buildingID, unitID, useID, number, maxoccupancy, notes) VALUES (4, 10, 1, '1.11', 2, '');
INSERT INTO room (buildingID, unitID, useID, number, maxoccupancy, notes) VALUES (4, 10, 1, '1.12', 2, '');
INSERT INTO room (buildingID, unitID, useID, number, maxoccupancy, notes) VALUES (4, 10, 1, '1.13', 2, '');
INSERT INTO room (buildingID, unitID, useID, number, maxoccupancy, notes) VALUES (5, 10, 1, '0.01', 2, '');
INSERT INTO room (buildingID, unitID, useID, number, maxoccupancy, notes) VALUES (5, 10, 1, '0.02', 2, '');
INSERT INTO room (buildingID, unitID, useID, number, maxoccupancy, notes) VALUES (5, 10, 1, '0.03', 2, '');
INSERT INTO room (buildingID, unitID, useID, number, maxoccupancy, notes) VALUES (5, 10, 1, '0.04', 2, '');
INSERT INTO room (buildingID, unitID, useID, number, maxoccupancy, notes) VALUES (5, 10, 6, '0.05', 0, '');
INSERT INTO room (buildingID, unitID, useID, number, maxoccupancy, notes) VALUES (5, 10, 7, '0.06', 0, '');
INSERT INTO room (buildingID, unitID, useID, number, maxoccupancy, notes) VALUES (5, 10, 8, '0.07', 0, '');
INSERT INTO room (buildingID, unitID, useID, number, maxoccupancy, notes) VALUES (5, 10, 9, '0.08', 0, '');
INSERT INTO room (buildingID, unitID, useID, number, maxoccupancy, notes) VALUES (5, 10, 1, '0.09', 1, '');
INSERT INTO room (buildingID, unitID, useID, number, maxoccupancy, notes) VALUES (5, 10, 1, '0.10', 2, '');
INSERT INTO room (buildingID, unitID, useID, number, maxoccupancy, notes) VALUES (5, 10, 1, '0.11', 2, '');
INSERT INTO room (buildingID, unitID, useID, number, maxoccupancy, notes) VALUES (5, 10, 1, '0.12', 2, '');
INSERT INTO room (buildingID, unitID, useID, number, maxoccupancy, notes) VALUES (5, 10, 1, '0.13', 2, '');
INSERT INTO room (buildingID, unitID, useID, number, maxoccupancy, notes) VALUES (5, 10, 1, '0.14', 2, '');
INSERT INTO room (buildingID, unitID, useID, number, maxoccupancy, notes) VALUES (5, 10, 1, '0.15', 2, '');
INSERT INTO room (buildingID, unitID, useID, number, maxoccupancy, notes) VALUES (5, 10, 1, '1.01', 2, '');
INSERT INTO room (buildingID, unitID, useID, number, maxoccupancy, notes) VALUES (5, 10, 1, '1.02', 2, '');
INSERT INTO room (buildingID, unitID, useID, number, maxoccupancy, notes) VALUES (5, 10, 1, '1.03', 3, '');
INSERT INTO room (buildingID, unitID, useID, number, maxoccupancy, notes) VALUES (5, 10, 3, '1.04', 0, '');
INSERT INTO room (buildingID, unitID, useID, number, maxoccupancy, notes) VALUES (5, 10, 5, '1.05', 0, '');
INSERT INTO room (buildingID, unitID, useID, number, maxoccupancy, notes) VALUES (5, 10, 2, '1.06', 2, '');
INSERT INTO room (buildingID, unitID, useID, number, maxoccupancy, notes) VALUES (5, 10, 4, '1.07', 0, '');
INSERT INTO room (buildingID, unitID, useID, number, maxoccupancy, notes) VALUES (5, 10, 1, '1.08', 2, '');
INSERT INTO room (buildingID, unitID, useID, number, maxoccupancy, notes) VALUES (5, 10, 1, '1.09', 2, '');
INSERT INTO room (buildingID, unitID, useID, number, maxoccupancy, notes) VALUES (5, 10, 1, '1.10', 1, '');
INSERT INTO room (buildingID, unitID, useID, number, maxoccupancy, notes) VALUES (5, 10, 14, '1.11', 0, '');
INSERT INTO room (buildingID, unitID, useID, number, maxoccupancy, notes) VALUES (5, 10, 1, '1.12', 1, '');
INSERT INTO room (buildingID, unitID, useID, number, maxoccupancy, notes) VALUES (5, 10, 1, '1.13', 2, '');
INSERT INTO room (buildingID, unitID, useID, number, maxoccupancy, notes) VALUES (6, 10, 1, '0.01', 2, '');
INSERT INTO room (buildingID, unitID, useID, number, maxoccupancy, notes) VALUES (6, 10, 1, '0.02', 2, '');
INSERT INTO room (buildingID, unitID, useID, number, maxoccupancy, notes) VALUES (6, 10, 1, '0.03', 2, '');
INSERT INTO room (buildingID, unitID, useID, number, maxoccupancy, notes) VALUES (6, 10, 1, '0.04', 2, '');
INSERT INTO room (buildingID, unitID, useID, number, maxoccupancy, notes) VALUES (6, 10, 6, '0.05', 0, '');
INSERT INTO room (buildingID, unitID, useID, number, maxoccupancy, notes) VALUES (6, 10, 7, '0.06', 0, '');
INSERT INTO room (buildingID, unitID, useID, number, maxoccupancy, notes) VALUES (6, 10, 8, '0.07', 0, '');
INSERT INTO room (buildingID, unitID, useID, number, maxoccupancy, notes) VALUES (6, 10, 9, '0.08', 0, '');
INSERT INTO room (buildingID, unitID, useID, number, maxoccupancy, notes) VALUES (6, 10, 1, '0.09', 2, '');
INSERT INTO room (buildingID, unitID, useID, number, maxoccupancy, notes) VALUES (6, 10, 1, '0.10', 2, '');
INSERT INTO room (buildingID, unitID, useID, number, maxoccupancy, notes) VALUES (6, 10, 1, '0.11', 2, '');
INSERT INTO room (buildingID, unitID, useID, number, maxoccupancy, notes) VALUES (6, 10, 1, '0.12', 1, '');
INSERT INTO room (buildingID, unitID, useID, number, maxoccupancy, notes) VALUES (6, 10, 1, '0.13', 1, '');
INSERT INTO room (buildingID, unitID, useID, number, maxoccupancy, notes) VALUES (6, 10, 1, '0.14', 2, '');
INSERT INTO room (buildingID, unitID, useID, number, maxoccupancy, notes) VALUES (6, 10, 3, '0.15', 0, '');
INSERT INTO room (buildingID, unitID, useID, number, maxoccupancy, notes) VALUES (6, 10, 5, '0.16', 0, '');
INSERT INTO room (buildingID, unitID, useID, number, maxoccupancy, notes) VALUES (6, 10, 13, '0.17', 0, '');
INSERT INTO room (buildingID, unitID, useID, number, maxoccupancy, notes) VALUES (6, 10, 1, '0.18', 2, '');
INSERT INTO room (buildingID, unitID, useID, number, maxoccupancy, notes) VALUES (6, 10, 1, '0.19', 2, '');
INSERT INTO room (buildingID, unitID, useID, number, maxoccupancy, notes) VALUES (7, 2, 1, 'EG1', 2, '');
INSERT INTO room (buildingID, unitID, useID, number, maxoccupancy, notes) VALUES (7, 2, 1, 'EG2', 1, '');
INSERT INTO room (buildingID, unitID, useID, number, maxoccupancy, notes) VALUES (7, 6, 1, 'OG1', 2, '');
INSERT INTO room (buildingID, unitID, useID, number, maxoccupancy, notes) VALUES (7, 6, 1, 'OG2', 1, '');

INSERT INTO inventory (name) VALUES ('Bett');
INSERT INTO inventory (name) VALUES ('Tisch breit');
INSERT INTO inventory (name) VALUES ('Schrank breit');
INSERT INTO inventory (name) VALUES ('Schrank schmal');
INSERT INTO inventory (name) VALUES ('Schreibtisch');
INSERT INTO inventory (name) VALUES ('Bürostuhl');
INSERT INTO inventory (name) VALUES ('Aktenschrank');
INSERT INTO inventory (name) VALUES ('Schreibtischunterschrank');
INSERT INTO inventory (name) VALUES ('Mülleimer');
INSERT INTO inventory (name) VALUES ('Putzmittelschrank');
INSERT INTO inventory (name) VALUES ('Küchenzeile');
INSERT INTO inventory (name) VALUES ('Waschbecken');
INSERT INTO inventory (name) VALUES ('Spiegel');
INSERT INTO inventory (name) VALUES ('Computer');
INSERT INTO inventory (name) VALUES ('Stuhl');
INSERT INTO inventory (name) VALUES ('Tisch schmal');
INSERT INTO inventory (name) VALUES ('Beistellschrank');
INSERT INTO inventory (name) VALUES ('Schrank mit Tresor');
INSERT INTO inventory (name) VALUES ('Metallschrank');
INSERT INTO inventory (name) VALUES ('Alarmanlage');

INSERT INTO room_inventory (roomID, inventoryID, quantity) VALUES (1, 1, 1);
INSERT INTO room_inventory (roomID, inventoryID, quantity) VALUES (1, 2, 2);
INSERT INTO room_inventory (roomID, inventoryID, quantity) VALUES (1, 8, 1);
INSERT INTO room_inventory (roomID, inventoryID, quantity) VALUES (1, 15, 1);
INSERT INTO room_inventory (roomID, inventoryID, quantity) VALUES (1, 3, 1);
INSERT INTO room_inventory (roomID, inventoryID, quantity) VALUES (1, 4, 1);
INSERT INTO room_inventory (roomID, inventoryID, quantity) VALUES (1, 9, 1);
INSERT INTO room_inventory (roomID, inventoryID, quantity) VALUES (2, 1, 2);
INSERT INTO room_inventory (roomID, inventoryID, quantity) VALUES (2, 2, 2);
INSERT INTO room_inventory (roomID, inventoryID, quantity) VALUES (2, 8, 2);
INSERT INTO room_inventory (roomID, inventoryID, quantity) VALUES (2, 15, 2);
INSERT INTO room_inventory (roomID, inventoryID, quantity) VALUES (2, 3, 2);
INSERT INTO room_inventory (roomID, inventoryID, quantity) VALUES (2, 4, 2);
INSERT INTO room_inventory (roomID, inventoryID, quantity) VALUES (2, 9, 1);
INSERT INTO room_inventory (roomID, inventoryID, quantity) VALUES (2, 12, 1);
INSERT INTO room_inventory (roomID, inventoryID, quantity) VALUES (3, 1, 2);
INSERT INTO room_inventory (roomID, inventoryID, quantity) VALUES (3, 2, 2);
INSERT INTO room_inventory (roomID, inventoryID, quantity) VALUES (3, 8, 2);
INSERT INTO room_inventory (roomID, inventoryID, quantity) VALUES (3, 15, 2);
INSERT INTO room_inventory (roomID, inventoryID, quantity) VALUES (3, 3, 2);
INSERT INTO room_inventory (roomID, inventoryID, quantity) VALUES (3, 4, 2);
INSERT INTO room_inventory (roomID, inventoryID, quantity) VALUES (3, 9, 1);
INSERT INTO room_inventory (roomID, inventoryID, quantity) VALUES (3, 12, 1);
INSERT INTO room_inventory (roomID, inventoryID, quantity) VALUES (4, 1, 2);
INSERT INTO room_inventory (roomID, inventoryID, quantity) VALUES (4, 2, 2);
INSERT INTO room_inventory (roomID, inventoryID, quantity) VALUES (4, 8, 2);
INSERT INTO room_inventory (roomID, inventoryID, quantity) VALUES (4, 15, 2);
INSERT INTO room_inventory (roomID, inventoryID, quantity) VALUES (4, 3, 2);
INSERT INTO room_inventory (roomID, inventoryID, quantity) VALUES (4, 4, 2);
INSERT INTO room_inventory (roomID, inventoryID, quantity) VALUES (4, 9, 1);
INSERT INTO room_inventory (roomID, inventoryID, quantity) VALUES (4, 12, 1);
INSERT INTO room_inventory (roomID, inventoryID, quantity) VALUES (5, 1, 2);
INSERT INTO room_inventory (roomID, inventoryID, quantity) VALUES (5, 2, 2);
INSERT INTO room_inventory (roomID, inventoryID, quantity) VALUES (5, 8, 2);
INSERT INTO room_inventory (roomID, inventoryID, quantity) VALUES (5, 15, 2);
INSERT INTO room_inventory (roomID, inventoryID, quantity) VALUES (5, 3, 2);
INSERT INTO room_inventory (roomID, inventoryID, quantity) VALUES (5, 4, 2);
INSERT INTO room_inventory (roomID, inventoryID, quantity) VALUES (5, 9, 1);
INSERT INTO room_inventory (roomID, inventoryID, quantity) VALUES (5, 12, 1);
INSERT INTO room_inventory (roomID, inventoryID, quantity) VALUES (6, 1, 2);
INSERT INTO room_inventory (roomID, inventoryID, quantity) VALUES (6, 2, 2);
INSERT INTO room_inventory (roomID, inventoryID, quantity) VALUES (6, 8, 2);
INSERT INTO room_inventory (roomID, inventoryID, quantity) VALUES (6, 15, 2);
INSERT INTO room_inventory (roomID, inventoryID, quantity) VALUES (6, 3, 2);
INSERT INTO room_inventory (roomID, inventoryID, quantity) VALUES (6, 4, 2);
INSERT INTO room_inventory (roomID, inventoryID, quantity) VALUES (6, 9, 1);
INSERT INTO room_inventory (roomID, inventoryID, quantity) VALUES (6, 12, 1);
INSERT INTO room_inventory (roomID, inventoryID, quantity) VALUES (7, 1, 2);
INSERT INTO room_inventory (roomID, inventoryID, quantity) VALUES (7, 2, 2);
INSERT INTO room_inventory (roomID, inventoryID, quantity) VALUES (7, 8, 1);
INSERT INTO room_inventory (roomID, inventoryID, quantity) VALUES (7, 15, 2);
INSERT INTO room_inventory (roomID, inventoryID, quantity) VALUES (7, 3, 1);
INSERT INTO room_inventory (roomID, inventoryID, quantity) VALUES (7, 4, 2);
INSERT INTO room_inventory (roomID, inventoryID, quantity) VALUES (7, 9, 1);
INSERT INTO room_inventory (roomID, inventoryID, quantity) VALUES (7, 12, 1);
INSERT INTO room_inventory (roomID, inventoryID, quantity) VALUES (8, 1, 2);
INSERT INTO room_inventory (roomID, inventoryID, quantity) VALUES (8, 2, 2);
INSERT INTO room_inventory (roomID, inventoryID, quantity) VALUES (8, 8, 1);
INSERT INTO room_inventory (roomID, inventoryID, quantity) VALUES (8, 15, 2);
INSERT INTO room_inventory (roomID, inventoryID, quantity) VALUES (8, 3, 1);
INSERT INTO room_inventory (roomID, inventoryID, quantity) VALUES (8, 4, 2);
INSERT INTO room_inventory (roomID, inventoryID, quantity) VALUES (8, 9, 1);
INSERT INTO room_inventory (roomID, inventoryID, quantity) VALUES (8, 12, 1);
INSERT INTO room_inventory (roomID, inventoryID, quantity) VALUES (9, 1, 2);
INSERT INTO room_inventory (roomID, inventoryID, quantity) VALUES (9, 2, 2);
INSERT INTO room_inventory (roomID, inventoryID, quantity) VALUES (9, 8, 1);
INSERT INTO room_inventory (roomID, inventoryID, quantity) VALUES (9, 15, 2);
INSERT INTO room_inventory (roomID, inventoryID, quantity) VALUES (9, 3, 1);
INSERT INTO room_inventory (roomID, inventoryID, quantity) VALUES (9, 4, 2);
INSERT INTO room_inventory (roomID, inventoryID, quantity) VALUES (9, 9, 1);
INSERT INTO room_inventory (roomID, inventoryID, quantity) VALUES (9, 12, 1);
INSERT INTO room_inventory (roomID, inventoryID, quantity) VALUES (10, 1, 4);
INSERT INTO room_inventory (roomID, inventoryID, quantity) VALUES (10, 2, 2);
INSERT INTO room_inventory (roomID, inventoryID, quantity) VALUES (10, 8, 2);
INSERT INTO room_inventory (roomID, inventoryID, quantity) VALUES (10, 15, 4);
INSERT INTO room_inventory (roomID, inventoryID, quantity) VALUES (10, 3, 4);
INSERT INTO room_inventory (roomID, inventoryID, quantity) VALUES (10, 4, 4);
INSERT INTO room_inventory (roomID, inventoryID, quantity) VALUES (10, 9, 2);
INSERT INTO room_inventory (roomID, inventoryID, quantity) VALUES (10, 12, 2);
INSERT INTO room_inventory (roomID, inventoryID, quantity) VALUES (10, 10, 1);
INSERT INTO room_inventory (roomID, inventoryID, quantity) VALUES (11, 1, 4);
INSERT INTO room_inventory (roomID, inventoryID, quantity) VALUES (11, 2, 2);
INSERT INTO room_inventory (roomID, inventoryID, quantity) VALUES (11, 8, 2);
INSERT INTO room_inventory (roomID, inventoryID, quantity) VALUES (11, 15, 4);
INSERT INTO room_inventory (roomID, inventoryID, quantity) VALUES (11, 3, 4);
INSERT INTO room_inventory (roomID, inventoryID, quantity) VALUES (11, 4, 4);
INSERT INTO room_inventory (roomID, inventoryID, quantity) VALUES (11, 9, 2);
INSERT INTO room_inventory (roomID, inventoryID, quantity) VALUES (11, 12, 2);
INSERT INTO room_inventory (roomID, inventoryID, quantity) VALUES (11, 10, 1);
INSERT INTO room_inventory (roomID, inventoryID, quantity) VALUES (12, 9, 1);
INSERT INTO room_inventory (roomID, inventoryID, quantity) VALUES (13, 9, 1);
INSERT INTO room_inventory (roomID, inventoryID, quantity) VALUES (14, 13, 1);
INSERT INTO room_inventory (roomID, inventoryID, quantity) VALUES (15, 13, 1);
INSERT INTO room_inventory (roomID, inventoryID, quantity) VALUES (16, 1, 2);
INSERT INTO room_inventory (roomID, inventoryID, quantity) VALUES (16, 2, 2);
INSERT INTO room_inventory (roomID, inventoryID, quantity) VALUES (16, 8, 1);
INSERT INTO room_inventory (roomID, inventoryID, quantity) VALUES (16, 15, 2);
INSERT INTO room_inventory (roomID, inventoryID, quantity) VALUES (16, 3, 1);
INSERT INTO room_inventory (roomID, inventoryID, quantity) VALUES (16, 4, 2);
INSERT INTO room_inventory (roomID, inventoryID, quantity) VALUES (16, 9, 1);
INSERT INTO room_inventory (roomID, inventoryID, quantity) VALUES (16, 12, 1);
INSERT INTO room_inventory (roomID, inventoryID, quantity) VALUES (17, 1, 2);
INSERT INTO room_inventory (roomID, inventoryID, quantity) VALUES (17, 2, 2);
INSERT INTO room_inventory (roomID, inventoryID, quantity) VALUES (17, 8, 1);
INSERT INTO room_inventory (roomID, inventoryID, quantity) VALUES (17, 15, 2);
INSERT INTO room_inventory (roomID, inventoryID, quantity) VALUES (17, 3, 1);
INSERT INTO room_inventory (roomID, inventoryID, quantity) VALUES (17, 4, 2);
INSERT INTO room_inventory (roomID, inventoryID, quantity) VALUES (17, 9, 1);
INSERT INTO room_inventory (roomID, inventoryID, quantity) VALUES (17, 12, 1);
INSERT INTO room_inventory (roomID, inventoryID, quantity) VALUES (18, 1, 2);
INSERT INTO room_inventory (roomID, inventoryID, quantity) VALUES (18, 2, 2);
INSERT INTO room_inventory (roomID, inventoryID, quantity) VALUES (18, 8, 1);
INSERT INTO room_inventory (roomID, inventoryID, quantity) VALUES (18, 15, 2);
INSERT INTO room_inventory (roomID, inventoryID, quantity) VALUES (18, 3, 1);
INSERT INTO room_inventory (roomID, inventoryID, quantity) VALUES (18, 4, 2);
INSERT INTO room_inventory (roomID, inventoryID, quantity) VALUES (18, 9, 1);
INSERT INTO room_inventory (roomID, inventoryID, quantity) VALUES (18, 12, 1);
INSERT INTO room_inventory (roomID, inventoryID, quantity) VALUES (18, 13, 1);
INSERT INTO room_inventory (roomID, inventoryID, quantity) VALUES (19, 1, 2);
INSERT INTO room_inventory (roomID, inventoryID, quantity) VALUES (19, 2, 2);
INSERT INTO room_inventory (roomID, inventoryID, quantity) VALUES (19, 8, 1);
INSERT INTO room_inventory (roomID, inventoryID, quantity) VALUES (19, 15, 2);
INSERT INTO room_inventory (roomID, inventoryID, quantity) VALUES (19, 3, 1);
INSERT INTO room_inventory (roomID, inventoryID, quantity) VALUES (19, 4, 2);
INSERT INTO room_inventory (roomID, inventoryID, quantity) VALUES (19, 9, 1);
INSERT INTO room_inventory (roomID, inventoryID, quantity) VALUES (19, 12, 1);
INSERT INTO room_inventory (roomID, inventoryID, quantity) VALUES (19, 6, 1);
INSERT INTO room_inventory (roomID, inventoryID, quantity) VALUES (20, 1, 2);
INSERT INTO room_inventory (roomID, inventoryID, quantity) VALUES (20, 2, 2);
INSERT INTO room_inventory (roomID, inventoryID, quantity) VALUES (20, 8, 1);
INSERT INTO room_inventory (roomID, inventoryID, quantity) VALUES (20, 15, 2);
INSERT INTO room_inventory (roomID, inventoryID, quantity) VALUES (20, 3, 1);
INSERT INTO room_inventory (roomID, inventoryID, quantity) VALUES (20, 4, 2);
INSERT INTO room_inventory (roomID, inventoryID, quantity) VALUES (20, 9, 1);
INSERT INTO room_inventory (roomID, inventoryID, quantity) VALUES (20, 12, 1);
INSERT INTO room_inventory (roomID, inventoryID, quantity) VALUES (20, 13, 1);
INSERT INTO room_inventory (roomID, inventoryID, quantity) VALUES (21, 1, 2);
INSERT INTO room_inventory (roomID, inventoryID, quantity) VALUES (21, 2, 2);
INSERT INTO room_inventory (roomID, inventoryID, quantity) VALUES (21, 8, 1);
INSERT INTO room_inventory (roomID, inventoryID, quantity) VALUES (21, 15, 2);
INSERT INTO room_inventory (roomID, inventoryID, quantity) VALUES (21, 3, 1);
INSERT INTO room_inventory (roomID, inventoryID, quantity) VALUES (21, 4, 2);
INSERT INTO room_inventory (roomID, inventoryID, quantity) VALUES (21, 9, 1);
INSERT INTO room_inventory (roomID, inventoryID, quantity) VALUES (21, 12, 1);
INSERT INTO room_inventory (roomID, inventoryID, quantity) VALUES (21, 6, 1);
INSERT INTO room_inventory (roomID, inventoryID, quantity) VALUES (22, 1, 2);
INSERT INTO room_inventory (roomID, inventoryID, quantity) VALUES (22, 2, 2);
INSERT INTO room_inventory (roomID, inventoryID, quantity) VALUES (22, 8, 1);
INSERT INTO room_inventory (roomID, inventoryID, quantity) VALUES (22, 15, 2);
INSERT INTO room_inventory (roomID, inventoryID, quantity) VALUES (22, 3, 1);
INSERT INTO room_inventory (roomID, inventoryID, quantity) VALUES (22, 4, 2);
INSERT INTO room_inventory (roomID, inventoryID, quantity) VALUES (22, 9, 1);
INSERT INTO room_inventory (roomID, inventoryID, quantity) VALUES (22, 12, 1);
INSERT INTO room_inventory (roomID, inventoryID, quantity) VALUES (23, 1, 2);
INSERT INTO room_inventory (roomID, inventoryID, quantity) VALUES (23, 2, 2);
INSERT INTO room_inventory (roomID, inventoryID, quantity) VALUES (23, 8, 1);
INSERT INTO room_inventory (roomID, inventoryID, quantity) VALUES (23, 15, 2);
INSERT INTO room_inventory (roomID, inventoryID, quantity) VALUES (23, 3, 1);
INSERT INTO room_inventory (roomID, inventoryID, quantity) VALUES (23, 4, 2);
INSERT INTO room_inventory (roomID, inventoryID, quantity) VALUES (23, 9, 1);
INSERT INTO room_inventory (roomID, inventoryID, quantity) VALUES (23, 12, 1);
INSERT INTO room_inventory (roomID, inventoryID, quantity) VALUES (24, 1, 2);
INSERT INTO room_inventory (roomID, inventoryID, quantity) VALUES (24, 2, 2);
INSERT INTO room_inventory (roomID, inventoryID, quantity) VALUES (24, 8, 1);
INSERT INTO room_inventory (roomID, inventoryID, quantity) VALUES (24, 15, 2);
INSERT INTO room_inventory (roomID, inventoryID, quantity) VALUES (24, 3, 1);
INSERT INTO room_inventory (roomID, inventoryID, quantity) VALUES (24, 4, 2);
INSERT INTO room_inventory (roomID, inventoryID, quantity) VALUES (24, 9, 1);
INSERT INTO room_inventory (roomID, inventoryID, quantity) VALUES (24, 12, 1);
INSERT INTO room_inventory (roomID, inventoryID, quantity) VALUES (25, 1, 1);
INSERT INTO room_inventory (roomID, inventoryID, quantity) VALUES (25, 2, 2);
INSERT INTO room_inventory (roomID, inventoryID, quantity) VALUES (25, 8, 1);
INSERT INTO room_inventory (roomID, inventoryID, quantity) VALUES (25, 15, 1);
INSERT INTO room_inventory (roomID, inventoryID, quantity) VALUES (25, 3, 1);
INSERT INTO room_inventory (roomID, inventoryID, quantity) VALUES (25, 4, 1);
INSERT INTO room_inventory (roomID, inventoryID, quantity) VALUES (25, 9, 1);
INSERT INTO room_inventory (roomID, inventoryID, quantity) VALUES (25, 12, 1);
INSERT INTO room_inventory (roomID, inventoryID, quantity) VALUES (26, 2, 6);
INSERT INTO room_inventory (roomID, inventoryID, quantity) VALUES (26, 15, 8);
INSERT INTO room_inventory (roomID, inventoryID, quantity) VALUES (27, 10, 4);
INSERT INTO room_inventory (roomID, inventoryID, quantity) VALUES (28, 11, 1);
INSERT INTO room_inventory (roomID, inventoryID, quantity) VALUES (28, 2, 1);
INSERT INTO room_inventory (roomID, inventoryID, quantity) VALUES (29, 1, 2);
INSERT INTO room_inventory (roomID, inventoryID, quantity) VALUES (29, 2, 2);
INSERT INTO room_inventory (roomID, inventoryID, quantity) VALUES (29, 8, 1);
INSERT INTO room_inventory (roomID, inventoryID, quantity) VALUES (29, 15, 2);
INSERT INTO room_inventory (roomID, inventoryID, quantity) VALUES (29, 3, 1);
INSERT INTO room_inventory (roomID, inventoryID, quantity) VALUES (29, 4, 2);
INSERT INTO room_inventory (roomID, inventoryID, quantity) VALUES (29, 9, 1);
INSERT INTO room_inventory (roomID, inventoryID, quantity) VALUES (29, 12, 1);
INSERT INTO room_inventory (roomID, inventoryID, quantity) VALUES (29, 13, 1);
INSERT INTO room_inventory (roomID, inventoryID, quantity) VALUES (30, 1, 2);
INSERT INTO room_inventory (roomID, inventoryID, quantity) VALUES (30, 2, 2);
INSERT INTO room_inventory (roomID, inventoryID, quantity) VALUES (30, 8, 1);
INSERT INTO room_inventory (roomID, inventoryID, quantity) VALUES (30, 15, 2);
INSERT INTO room_inventory (roomID, inventoryID, quantity) VALUES (30, 3, 1);
INSERT INTO room_inventory (roomID, inventoryID, quantity) VALUES (30, 4, 2);
INSERT INTO room_inventory (roomID, inventoryID, quantity) VALUES (30, 9, 1);
INSERT INTO room_inventory (roomID, inventoryID, quantity) VALUES (30, 12, 1);
INSERT INTO room_inventory (roomID, inventoryID, quantity) VALUES (30, 13, 1);
INSERT INTO room_inventory (roomID, inventoryID, quantity) VALUES (31, 1, 2);
INSERT INTO room_inventory (roomID, inventoryID, quantity) VALUES (31, 2, 2);
INSERT INTO room_inventory (roomID, inventoryID, quantity) VALUES (31, 8, 1);
INSERT INTO room_inventory (roomID, inventoryID, quantity) VALUES (31, 15, 2);
INSERT INTO room_inventory (roomID, inventoryID, quantity) VALUES (31, 3, 1);
INSERT INTO room_inventory (roomID, inventoryID, quantity) VALUES (31, 4, 2);
INSERT INTO room_inventory (roomID, inventoryID, quantity) VALUES (31, 9, 1);
INSERT INTO room_inventory (roomID, inventoryID, quantity) VALUES (31, 12, 1);
INSERT INTO room_inventory (roomID, inventoryID, quantity) VALUES (32, 1, 2);
INSERT INTO room_inventory (roomID, inventoryID, quantity) VALUES (32, 2, 2);
INSERT INTO room_inventory (roomID, inventoryID, quantity) VALUES (32, 8, 1);
INSERT INTO room_inventory (roomID, inventoryID, quantity) VALUES (32, 15, 2);
INSERT INTO room_inventory (roomID, inventoryID, quantity) VALUES (32, 3, 1);
INSERT INTO room_inventory (roomID, inventoryID, quantity) VALUES (32, 4, 2);
INSERT INTO room_inventory (roomID, inventoryID, quantity) VALUES (32, 9, 1);
INSERT INTO room_inventory (roomID, inventoryID, quantity) VALUES (32, 12, 1);
INSERT INTO room_inventory (roomID, inventoryID, quantity) VALUES (32, 13, 1);
INSERT INTO room_inventory (roomID, inventoryID, quantity) VALUES (33, 1, 2);
INSERT INTO room_inventory (roomID, inventoryID, quantity) VALUES (33, 2, 2);
INSERT INTO room_inventory (roomID, inventoryID, quantity) VALUES (33, 8, 1);
INSERT INTO room_inventory (roomID, inventoryID, quantity) VALUES (33, 15, 2);
INSERT INTO room_inventory (roomID, inventoryID, quantity) VALUES (33, 3, 1);
INSERT INTO room_inventory (roomID, inventoryID, quantity) VALUES (33, 4, 2);
INSERT INTO room_inventory (roomID, inventoryID, quantity) VALUES (33, 9, 1);
INSERT INTO room_inventory (roomID, inventoryID, quantity) VALUES (33, 12, 1);
INSERT INTO room_inventory (roomID, inventoryID, quantity) VALUES (34, 1, 2);
INSERT INTO room_inventory (roomID, inventoryID, quantity) VALUES (34, 2, 2);
INSERT INTO room_inventory (roomID, inventoryID, quantity) VALUES (34, 8, 1);
INSERT INTO room_inventory (roomID, inventoryID, quantity) VALUES (34, 15, 2);
INSERT INTO room_inventory (roomID, inventoryID, quantity) VALUES (34, 3, 1);
INSERT INTO room_inventory (roomID, inventoryID, quantity) VALUES (34, 4, 2);
INSERT INTO room_inventory (roomID, inventoryID, quantity) VALUES (34, 9, 1);
INSERT INTO room_inventory (roomID, inventoryID, quantity) VALUES (34, 12, 1);
INSERT INTO room_inventory (roomID, inventoryID, quantity) VALUES (34, 13, 1);
INSERT INTO room_inventory (roomID, inventoryID, quantity) VALUES (35, 1, 2);
INSERT INTO room_inventory (roomID, inventoryID, quantity) VALUES (35, 2, 2);
INSERT INTO room_inventory (roomID, inventoryID, quantity) VALUES (35, 8, 1);
INSERT INTO room_inventory (roomID, inventoryID, quantity) VALUES (35, 15, 2);
INSERT INTO room_inventory (roomID, inventoryID, quantity) VALUES (35, 3, 1);
INSERT INTO room_inventory (roomID, inventoryID, quantity) VALUES (35, 4, 2);
INSERT INTO room_inventory (roomID, inventoryID, quantity) VALUES (35, 9, 1);
INSERT INTO room_inventory (roomID, inventoryID, quantity) VALUES (35, 12, 1);
INSERT INTO room_inventory (roomID, inventoryID, quantity) VALUES (35, 13, 1);
INSERT INTO room_inventory (roomID, inventoryID, quantity) VALUES (36, 1, 2);
INSERT INTO room_inventory (roomID, inventoryID, quantity) VALUES (36, 2, 2);
INSERT INTO room_inventory (roomID, inventoryID, quantity) VALUES (36, 8, 1);
INSERT INTO room_inventory (roomID, inventoryID, quantity) VALUES (36, 15, 2);
INSERT INTO room_inventory (roomID, inventoryID, quantity) VALUES (36, 3, 1);
INSERT INTO room_inventory (roomID, inventoryID, quantity) VALUES (36, 4, 2);
INSERT INTO room_inventory (roomID, inventoryID, quantity) VALUES (36, 9, 1);
INSERT INTO room_inventory (roomID, inventoryID, quantity) VALUES (36, 12, 1);
INSERT INTO room_inventory (roomID, inventoryID, quantity) VALUES (37, 1, 2);
INSERT INTO room_inventory (roomID, inventoryID, quantity) VALUES (37, 2, 2);
INSERT INTO room_inventory (roomID, inventoryID, quantity) VALUES (37, 8, 1);
INSERT INTO room_inventory (roomID, inventoryID, quantity) VALUES (37, 15, 2);
INSERT INTO room_inventory (roomID, inventoryID, quantity) VALUES (37, 3, 1);
INSERT INTO room_inventory (roomID, inventoryID, quantity) VALUES (37, 4, 2);
INSERT INTO room_inventory (roomID, inventoryID, quantity) VALUES (37, 9, 1);
INSERT INTO room_inventory (roomID, inventoryID, quantity) VALUES (37, 12, 1);
INSERT INTO room_inventory (roomID, inventoryID, quantity) VALUES (37, 13, 1);
INSERT INTO room_inventory (roomID, inventoryID, quantity) VALUES (38, 1, 2);
INSERT INTO room_inventory (roomID, inventoryID, quantity) VALUES (38, 2, 2);
INSERT INTO room_inventory (roomID, inventoryID, quantity) VALUES (38, 8, 1);
INSERT INTO room_inventory (roomID, inventoryID, quantity) VALUES (38, 15, 2);
INSERT INTO room_inventory (roomID, inventoryID, quantity) VALUES (38, 3, 1);
INSERT INTO room_inventory (roomID, inventoryID, quantity) VALUES (38, 4, 2);
INSERT INTO room_inventory (roomID, inventoryID, quantity) VALUES (38, 9, 1);
INSERT INTO room_inventory (roomID, inventoryID, quantity) VALUES (38, 12, 1);
INSERT INTO room_inventory (roomID, inventoryID, quantity) VALUES (38, 13, 1);
INSERT INTO room_inventory (roomID, inventoryID, quantity) VALUES (39, 1, 2);
INSERT INTO room_inventory (roomID, inventoryID, quantity) VALUES (39, 2, 2);
INSERT INTO room_inventory (roomID, inventoryID, quantity) VALUES (39, 8, 1);
INSERT INTO room_inventory (roomID, inventoryID, quantity) VALUES (39, 15, 2);
INSERT INTO room_inventory (roomID, inventoryID, quantity) VALUES (39, 3, 1);
INSERT INTO room_inventory (roomID, inventoryID, quantity) VALUES (39, 4, 2);
INSERT INTO room_inventory (roomID, inventoryID, quantity) VALUES (39, 9, 1);
INSERT INTO room_inventory (roomID, inventoryID, quantity) VALUES (39, 12, 1);
INSERT INTO room_inventory (roomID, inventoryID, quantity) VALUES (39, 13, 1);
INSERT INTO room_inventory (roomID, inventoryID, quantity) VALUES (40, 9, 1);
INSERT INTO room_inventory (roomID, inventoryID, quantity) VALUES (41, 9, 1);
INSERT INTO room_inventory (roomID, inventoryID, quantity) VALUES (42, 13, 1);
INSERT INTO room_inventory (roomID, inventoryID, quantity) VALUES (43, 13, 1);
INSERT INTO room_inventory (roomID, inventoryID, quantity) VALUES (44, 1, 2);
INSERT INTO room_inventory (roomID, inventoryID, quantity) VALUES (44, 2, 2);
INSERT INTO room_inventory (roomID, inventoryID, quantity) VALUES (44, 8, 1);
INSERT INTO room_inventory (roomID, inventoryID, quantity) VALUES (44, 15, 2);
INSERT INTO room_inventory (roomID, inventoryID, quantity) VALUES (44, 3, 1);
INSERT INTO room_inventory (roomID, inventoryID, quantity) VALUES (44, 4, 2);
INSERT INTO room_inventory (roomID, inventoryID, quantity) VALUES (44, 9, 1);
INSERT INTO room_inventory (roomID, inventoryID, quantity) VALUES (44, 12, 1);
INSERT INTO room_inventory (roomID, inventoryID, quantity) VALUES (45, 1, 2);
INSERT INTO room_inventory (roomID, inventoryID, quantity) VALUES (45, 2, 2);
INSERT INTO room_inventory (roomID, inventoryID, quantity) VALUES (45, 8, 1);
INSERT INTO room_inventory (roomID, inventoryID, quantity) VALUES (45, 15, 2);
INSERT INTO room_inventory (roomID, inventoryID, quantity) VALUES (45, 3, 1);
INSERT INTO room_inventory (roomID, inventoryID, quantity) VALUES (45, 4, 2);
INSERT INTO room_inventory (roomID, inventoryID, quantity) VALUES (45, 9, 1);
INSERT INTO room_inventory (roomID, inventoryID, quantity) VALUES (45, 12, 1);
INSERT INTO room_inventory (roomID, inventoryID, quantity) VALUES (45, 13, 1);
INSERT INTO room_inventory (roomID, inventoryID, quantity) VALUES (46, 1, 1);
INSERT INTO room_inventory (roomID, inventoryID, quantity) VALUES (46, 2, 2);
INSERT INTO room_inventory (roomID, inventoryID, quantity) VALUES (46, 8, 1);
INSERT INTO room_inventory (roomID, inventoryID, quantity) VALUES (46, 15, 1);
INSERT INTO room_inventory (roomID, inventoryID, quantity) VALUES (46, 3, 1);
INSERT INTO room_inventory (roomID, inventoryID, quantity) VALUES (46, 4, 1);
INSERT INTO room_inventory (roomID, inventoryID, quantity) VALUES (46, 9, 1);
INSERT INTO room_inventory (roomID, inventoryID, quantity) VALUES (46, 12, 1);
INSERT INTO room_inventory (roomID, inventoryID, quantity) VALUES (46, 16, 1);
INSERT INTO room_inventory (roomID, inventoryID, quantity) VALUES (47, 1, 1);
INSERT INTO room_inventory (roomID, inventoryID, quantity) VALUES (47, 2, 2);
INSERT INTO room_inventory (roomID, inventoryID, quantity) VALUES (47, 8, 1);
INSERT INTO room_inventory (roomID, inventoryID, quantity) VALUES (47, 15, 1);
INSERT INTO room_inventory (roomID, inventoryID, quantity) VALUES (47, 3, 1);
INSERT INTO room_inventory (roomID, inventoryID, quantity) VALUES (47, 4, 1);
INSERT INTO room_inventory (roomID, inventoryID, quantity) VALUES (47, 9, 1);
INSERT INTO room_inventory (roomID, inventoryID, quantity) VALUES (47, 12, 1);
INSERT INTO room_inventory (roomID, inventoryID, quantity) VALUES (48, 1, 2);
INSERT INTO room_inventory (roomID, inventoryID, quantity) VALUES (48, 2, 2);
INSERT INTO room_inventory (roomID, inventoryID, quantity) VALUES (48, 8, 1);
INSERT INTO room_inventory (roomID, inventoryID, quantity) VALUES (48, 15, 2);
INSERT INTO room_inventory (roomID, inventoryID, quantity) VALUES (48, 3, 1);
INSERT INTO room_inventory (roomID, inventoryID, quantity) VALUES (48, 4, 2);
INSERT INTO room_inventory (roomID, inventoryID, quantity) VALUES (48, 9, 1);
INSERT INTO room_inventory (roomID, inventoryID, quantity) VALUES (48, 12, 1);
INSERT INTO room_inventory (roomID, inventoryID, quantity) VALUES (48, 17, 1);
INSERT INTO room_inventory (roomID, inventoryID, quantity) VALUES (49, 1, 2);
INSERT INTO room_inventory (roomID, inventoryID, quantity) VALUES (49, 2, 2);
INSERT INTO room_inventory (roomID, inventoryID, quantity) VALUES (49, 8, 1);
INSERT INTO room_inventory (roomID, inventoryID, quantity) VALUES (49, 15, 2);
INSERT INTO room_inventory (roomID, inventoryID, quantity) VALUES (49, 3, 1);
INSERT INTO room_inventory (roomID, inventoryID, quantity) VALUES (49, 4, 2);
INSERT INTO room_inventory (roomID, inventoryID, quantity) VALUES (49, 9, 1);
INSERT INTO room_inventory (roomID, inventoryID, quantity) VALUES (49, 12, 1);
INSERT INTO room_inventory (roomID, inventoryID, quantity) VALUES (49, 17, 1);
INSERT INTO room_inventory (roomID, inventoryID, quantity) VALUES (50, 2, 6);
INSERT INTO room_inventory (roomID, inventoryID, quantity) VALUES (50, 15, 8);
INSERT INTO room_inventory (roomID, inventoryID, quantity) VALUES (51, 10, 4);
INSERT INTO room_inventory (roomID, inventoryID, quantity) VALUES (52, 11, 1);
INSERT INTO room_inventory (roomID, inventoryID, quantity) VALUES (53, 1, 2);
INSERT INTO room_inventory (roomID, inventoryID, quantity) VALUES (53, 2, 2);
INSERT INTO room_inventory (roomID, inventoryID, quantity) VALUES (53, 8, 1);
INSERT INTO room_inventory (roomID, inventoryID, quantity) VALUES (53, 15, 2);
INSERT INTO room_inventory (roomID, inventoryID, quantity) VALUES (53, 3, 1);
INSERT INTO room_inventory (roomID, inventoryID, quantity) VALUES (53, 4, 2);
INSERT INTO room_inventory (roomID, inventoryID, quantity) VALUES (53, 9, 1);
INSERT INTO room_inventory (roomID, inventoryID, quantity) VALUES (53, 12, 1);
INSERT INTO room_inventory (roomID, inventoryID, quantity) VALUES (53, 13, 1);
INSERT INTO room_inventory (roomID, inventoryID, quantity) VALUES (54, 1, 2);
INSERT INTO room_inventory (roomID, inventoryID, quantity) VALUES (54, 2, 2);
INSERT INTO room_inventory (roomID, inventoryID, quantity) VALUES (54, 8, 1);
INSERT INTO room_inventory (roomID, inventoryID, quantity) VALUES (54, 15, 2);
INSERT INTO room_inventory (roomID, inventoryID, quantity) VALUES (54, 3, 1);
INSERT INTO room_inventory (roomID, inventoryID, quantity) VALUES (54, 4, 2);
INSERT INTO room_inventory (roomID, inventoryID, quantity) VALUES (54, 9, 1);
INSERT INTO room_inventory (roomID, inventoryID, quantity) VALUES (54, 12, 1);
INSERT INTO room_inventory (roomID, inventoryID, quantity) VALUES (54, 13, 1);
INSERT INTO room_inventory (roomID, inventoryID, quantity) VALUES (55, 1, 2);
INSERT INTO room_inventory (roomID, inventoryID, quantity) VALUES (55, 2, 2);
INSERT INTO room_inventory (roomID, inventoryID, quantity) VALUES (55, 8, 1);
INSERT INTO room_inventory (roomID, inventoryID, quantity) VALUES (55, 15, 2);
INSERT INTO room_inventory (roomID, inventoryID, quantity) VALUES (55, 3, 1);
INSERT INTO room_inventory (roomID, inventoryID, quantity) VALUES (55, 4, 2);
INSERT INTO room_inventory (roomID, inventoryID, quantity) VALUES (55, 9, 1);
INSERT INTO room_inventory (roomID, inventoryID, quantity) VALUES (55, 12, 1);
INSERT INTO room_inventory (roomID, inventoryID, quantity) VALUES (56, 1, 2);
INSERT INTO room_inventory (roomID, inventoryID, quantity) VALUES (56, 2, 2);
INSERT INTO room_inventory (roomID, inventoryID, quantity) VALUES (56, 8, 1);
INSERT INTO room_inventory (roomID, inventoryID, quantity) VALUES (56, 15, 2);
INSERT INTO room_inventory (roomID, inventoryID, quantity) VALUES (56, 3, 1);
INSERT INTO room_inventory (roomID, inventoryID, quantity) VALUES (56, 4, 2);
INSERT INTO room_inventory (roomID, inventoryID, quantity) VALUES (56, 9, 1);
INSERT INTO room_inventory (roomID, inventoryID, quantity) VALUES (56, 12, 1);
INSERT INTO room_inventory (roomID, inventoryID, quantity) VALUES (56, 17, 1);
INSERT INTO room_inventory (roomID, inventoryID, quantity) VALUES (57, 1, 2);
INSERT INTO room_inventory (roomID, inventoryID, quantity) VALUES (57, 2, 2);
INSERT INTO room_inventory (roomID, inventoryID, quantity) VALUES (57, 8, 1);
INSERT INTO room_inventory (roomID, inventoryID, quantity) VALUES (57, 15, 2);
INSERT INTO room_inventory (roomID, inventoryID, quantity) VALUES (57, 3, 1);
INSERT INTO room_inventory (roomID, inventoryID, quantity) VALUES (57, 4, 2);
INSERT INTO room_inventory (roomID, inventoryID, quantity) VALUES (57, 9, 1);
INSERT INTO room_inventory (roomID, inventoryID, quantity) VALUES (57, 12, 1);
INSERT INTO room_inventory (roomID, inventoryID, quantity) VALUES (57, 6, 1);
INSERT INTO room_inventory (roomID, inventoryID, quantity) VALUES (58, 1, 2);
INSERT INTO room_inventory (roomID, inventoryID, quantity) VALUES (58, 2, 2);
INSERT INTO room_inventory (roomID, inventoryID, quantity) VALUES (58, 8, 1);
INSERT INTO room_inventory (roomID, inventoryID, quantity) VALUES (58, 15, 2);
INSERT INTO room_inventory (roomID, inventoryID, quantity) VALUES (58, 3, 1);
INSERT INTO room_inventory (roomID, inventoryID, quantity) VALUES (58, 4, 2);
INSERT INTO room_inventory (roomID, inventoryID, quantity) VALUES (58, 9, 1);
INSERT INTO room_inventory (roomID, inventoryID, quantity) VALUES (58, 12, 1);
INSERT INTO room_inventory (roomID, inventoryID, quantity) VALUES (59, 1, 2);
INSERT INTO room_inventory (roomID, inventoryID, quantity) VALUES (59, 2, 2);
INSERT INTO room_inventory (roomID, inventoryID, quantity) VALUES (59, 8, 1);
INSERT INTO room_inventory (roomID, inventoryID, quantity) VALUES (59, 15, 2);
INSERT INTO room_inventory (roomID, inventoryID, quantity) VALUES (59, 3, 1);
INSERT INTO room_inventory (roomID, inventoryID, quantity) VALUES (59, 4, 2);
INSERT INTO room_inventory (roomID, inventoryID, quantity) VALUES (59, 9, 1);
INSERT INTO room_inventory (roomID, inventoryID, quantity) VALUES (59, 12, 1);
INSERT INTO room_inventory (roomID, inventoryID, quantity) VALUES (59, 13, 1);
INSERT INTO room_inventory (roomID, inventoryID, quantity) VALUES (60, 1, 2);
INSERT INTO room_inventory (roomID, inventoryID, quantity) VALUES (60, 2, 2);
INSERT INTO room_inventory (roomID, inventoryID, quantity) VALUES (60, 8, 1);
INSERT INTO room_inventory (roomID, inventoryID, quantity) VALUES (60, 15, 2);
INSERT INTO room_inventory (roomID, inventoryID, quantity) VALUES (60, 3, 1);
INSERT INTO room_inventory (roomID, inventoryID, quantity) VALUES (60, 4, 2);
INSERT INTO room_inventory (roomID, inventoryID, quantity) VALUES (60, 9, 1);
INSERT INTO room_inventory (roomID, inventoryID, quantity) VALUES (60, 12, 1);
INSERT INTO room_inventory (roomID, inventoryID, quantity) VALUES (61, 1, 2);
INSERT INTO room_inventory (roomID, inventoryID, quantity) VALUES (61, 2, 2);
INSERT INTO room_inventory (roomID, inventoryID, quantity) VALUES (61, 8, 1);
INSERT INTO room_inventory (roomID, inventoryID, quantity) VALUES (61, 15, 2);
INSERT INTO room_inventory (roomID, inventoryID, quantity) VALUES (61, 3, 1);
INSERT INTO room_inventory (roomID, inventoryID, quantity) VALUES (61, 4, 2);
INSERT INTO room_inventory (roomID, inventoryID, quantity) VALUES (61, 9, 1);
INSERT INTO room_inventory (roomID, inventoryID, quantity) VALUES (61, 12, 1);
INSERT INTO room_inventory (roomID, inventoryID, quantity) VALUES (62, 1, 2);
INSERT INTO room_inventory (roomID, inventoryID, quantity) VALUES (62, 2, 2);
INSERT INTO room_inventory (roomID, inventoryID, quantity) VALUES (62, 8, 1);
INSERT INTO room_inventory (roomID, inventoryID, quantity) VALUES (62, 15, 2);
INSERT INTO room_inventory (roomID, inventoryID, quantity) VALUES (62, 3, 1);
INSERT INTO room_inventory (roomID, inventoryID, quantity) VALUES (62, 4, 2);
INSERT INTO room_inventory (roomID, inventoryID, quantity) VALUES (62, 9, 1);
INSERT INTO room_inventory (roomID, inventoryID, quantity) VALUES (62, 12, 1);
INSERT INTO room_inventory (roomID, inventoryID, quantity) VALUES (63, 1, 2);
INSERT INTO room_inventory (roomID, inventoryID, quantity) VALUES (63, 2, 2);
INSERT INTO room_inventory (roomID, inventoryID, quantity) VALUES (63, 8, 1);
INSERT INTO room_inventory (roomID, inventoryID, quantity) VALUES (63, 15, 2);
INSERT INTO room_inventory (roomID, inventoryID, quantity) VALUES (63, 3, 1);
INSERT INTO room_inventory (roomID, inventoryID, quantity) VALUES (63, 4, 2);
INSERT INTO room_inventory (roomID, inventoryID, quantity) VALUES (63, 9, 1);
INSERT INTO room_inventory (roomID, inventoryID, quantity) VALUES (63, 12, 1);
INSERT INTO room_inventory (roomID, inventoryID, quantity) VALUES (63, 13, 1);
INSERT INTO room_inventory (roomID, inventoryID, quantity) VALUES (64, 9, 1);
INSERT INTO room_inventory (roomID, inventoryID, quantity) VALUES (65, 9, 1);
INSERT INTO room_inventory (roomID, inventoryID, quantity) VALUES (66, 13, 1);
INSERT INTO room_inventory (roomID, inventoryID, quantity) VALUES (67, 13, 1);
INSERT INTO room_inventory (roomID, inventoryID, quantity) VALUES (68, 1, 2);
INSERT INTO room_inventory (roomID, inventoryID, quantity) VALUES (68, 2, 2);
INSERT INTO room_inventory (roomID, inventoryID, quantity) VALUES (68, 8, 1);
INSERT INTO room_inventory (roomID, inventoryID, quantity) VALUES (68, 15, 2);
INSERT INTO room_inventory (roomID, inventoryID, quantity) VALUES (68, 3, 1);
INSERT INTO room_inventory (roomID, inventoryID, quantity) VALUES (68, 4, 2);
INSERT INTO room_inventory (roomID, inventoryID, quantity) VALUES (68, 9, 1);
INSERT INTO room_inventory (roomID, inventoryID, quantity) VALUES (68, 12, 1);
INSERT INTO room_inventory (roomID, inventoryID, quantity) VALUES (68, 10, 1);
INSERT INTO room_inventory (roomID, inventoryID, quantity) VALUES (69, 1, 2);
INSERT INTO room_inventory (roomID, inventoryID, quantity) VALUES (69, 2, 2);
INSERT INTO room_inventory (roomID, inventoryID, quantity) VALUES (69, 8, 1);
INSERT INTO room_inventory (roomID, inventoryID, quantity) VALUES (69, 15, 2);
INSERT INTO room_inventory (roomID, inventoryID, quantity) VALUES (69, 3, 1);
INSERT INTO room_inventory (roomID, inventoryID, quantity) VALUES (69, 4, 2);
INSERT INTO room_inventory (roomID, inventoryID, quantity) VALUES (69, 9, 1);
INSERT INTO room_inventory (roomID, inventoryID, quantity) VALUES (69, 12, 1);
INSERT INTO room_inventory (roomID, inventoryID, quantity) VALUES (70, 1, 2);
INSERT INTO room_inventory (roomID, inventoryID, quantity) VALUES (70, 2, 2);
INSERT INTO room_inventory (roomID, inventoryID, quantity) VALUES (70, 8, 1);
INSERT INTO room_inventory (roomID, inventoryID, quantity) VALUES (70, 15, 2);
INSERT INTO room_inventory (roomID, inventoryID, quantity) VALUES (70, 3, 1);
INSERT INTO room_inventory (roomID, inventoryID, quantity) VALUES (70, 4, 2);
INSERT INTO room_inventory (roomID, inventoryID, quantity) VALUES (70, 9, 1);
INSERT INTO room_inventory (roomID, inventoryID, quantity) VALUES (70, 12, 1);
INSERT INTO room_inventory (roomID, inventoryID, quantity) VALUES (71, 1, 2);
INSERT INTO room_inventory (roomID, inventoryID, quantity) VALUES (71, 2, 2);
INSERT INTO room_inventory (roomID, inventoryID, quantity) VALUES (71, 8, 1);
INSERT INTO room_inventory (roomID, inventoryID, quantity) VALUES (71, 15, 2);
INSERT INTO room_inventory (roomID, inventoryID, quantity) VALUES (71, 3, 1);
INSERT INTO room_inventory (roomID, inventoryID, quantity) VALUES (71, 4, 2);
INSERT INTO room_inventory (roomID, inventoryID, quantity) VALUES (71, 9, 1);
INSERT INTO room_inventory (roomID, inventoryID, quantity) VALUES (71, 12, 1);
INSERT INTO room_inventory (roomID, inventoryID, quantity) VALUES (71, 13, 1);
INSERT INTO room_inventory (roomID, inventoryID, quantity) VALUES (71, 10, 1);
INSERT INTO room_inventory (roomID, inventoryID, quantity) VALUES (72, 1, 2);
INSERT INTO room_inventory (roomID, inventoryID, quantity) VALUES (72, 2, 2);
INSERT INTO room_inventory (roomID, inventoryID, quantity) VALUES (72, 8, 1);
INSERT INTO room_inventory (roomID, inventoryID, quantity) VALUES (72, 15, 2);
INSERT INTO room_inventory (roomID, inventoryID, quantity) VALUES (72, 3, 1);
INSERT INTO room_inventory (roomID, inventoryID, quantity) VALUES (72, 4, 2);
INSERT INTO room_inventory (roomID, inventoryID, quantity) VALUES (72, 9, 1);
INSERT INTO room_inventory (roomID, inventoryID, quantity) VALUES (72, 12, 1);
INSERT INTO room_inventory (roomID, inventoryID, quantity) VALUES (72, 10, 1);
INSERT INTO room_inventory (roomID, inventoryID, quantity) VALUES (73, 1, 2);
INSERT INTO room_inventory (roomID, inventoryID, quantity) VALUES (73, 2, 2);
INSERT INTO room_inventory (roomID, inventoryID, quantity) VALUES (73, 8, 1);
INSERT INTO room_inventory (roomID, inventoryID, quantity) VALUES (73, 15, 2);
INSERT INTO room_inventory (roomID, inventoryID, quantity) VALUES (73, 3, 1);
INSERT INTO room_inventory (roomID, inventoryID, quantity) VALUES (73, 4, 2);
INSERT INTO room_inventory (roomID, inventoryID, quantity) VALUES (73, 9, 1);
INSERT INTO room_inventory (roomID, inventoryID, quantity) VALUES (73, 12, 1);
INSERT INTO room_inventory (roomID, inventoryID, quantity) VALUES (73, 17, 1);
INSERT INTO room_inventory (roomID, inventoryID, quantity) VALUES (74, 1, 2);
INSERT INTO room_inventory (roomID, inventoryID, quantity) VALUES (74, 2, 2);
INSERT INTO room_inventory (roomID, inventoryID, quantity) VALUES (74, 8, 1);
INSERT INTO room_inventory (roomID, inventoryID, quantity) VALUES (74, 15, 2);
INSERT INTO room_inventory (roomID, inventoryID, quantity) VALUES (74, 3, 1);
INSERT INTO room_inventory (roomID, inventoryID, quantity) VALUES (74, 4, 2);
INSERT INTO room_inventory (roomID, inventoryID, quantity) VALUES (74, 9, 1);
INSERT INTO room_inventory (roomID, inventoryID, quantity) VALUES (74, 12, 1);
INSERT INTO room_inventory (roomID, inventoryID, quantity) VALUES (75, 1, 2);
INSERT INTO room_inventory (roomID, inventoryID, quantity) VALUES (75, 2, 2);
INSERT INTO room_inventory (roomID, inventoryID, quantity) VALUES (75, 8, 1);
INSERT INTO room_inventory (roomID, inventoryID, quantity) VALUES (75, 15, 2);
INSERT INTO room_inventory (roomID, inventoryID, quantity) VALUES (75, 3, 1);
INSERT INTO room_inventory (roomID, inventoryID, quantity) VALUES (75, 4, 2);
INSERT INTO room_inventory (roomID, inventoryID, quantity) VALUES (75, 9, 1);
INSERT INTO room_inventory (roomID, inventoryID, quantity) VALUES (75, 12, 1);
INSERT INTO room_inventory (roomID, inventoryID, quantity) VALUES (75, 17, 1);
INSERT INTO room_inventory (roomID, inventoryID, quantity) VALUES (76, 1, 2);
INSERT INTO room_inventory (roomID, inventoryID, quantity) VALUES (76, 2, 2);
INSERT INTO room_inventory (roomID, inventoryID, quantity) VALUES (76, 8, 1);
INSERT INTO room_inventory (roomID, inventoryID, quantity) VALUES (76, 15, 2);
INSERT INTO room_inventory (roomID, inventoryID, quantity) VALUES (76, 3, 1);
INSERT INTO room_inventory (roomID, inventoryID, quantity) VALUES (76, 4, 2);
INSERT INTO room_inventory (roomID, inventoryID, quantity) VALUES (76, 9, 1);
INSERT INTO room_inventory (roomID, inventoryID, quantity) VALUES (76, 12, 1);
INSERT INTO room_inventory (roomID, inventoryID, quantity) VALUES (76, 13, 1);
INSERT INTO room_inventory (roomID, inventoryID, quantity) VALUES (77, 1, 2);
INSERT INTO room_inventory (roomID, inventoryID, quantity) VALUES (77, 2, 2);
INSERT INTO room_inventory (roomID, inventoryID, quantity) VALUES (77, 8, 1);
INSERT INTO room_inventory (roomID, inventoryID, quantity) VALUES (77, 15, 2);
INSERT INTO room_inventory (roomID, inventoryID, quantity) VALUES (77, 3, 1);
INSERT INTO room_inventory (roomID, inventoryID, quantity) VALUES (77, 4, 2);
INSERT INTO room_inventory (roomID, inventoryID, quantity) VALUES (77, 9, 1);
INSERT INTO room_inventory (roomID, inventoryID, quantity) VALUES (77, 12, 1);
INSERT INTO room_inventory (roomID, inventoryID, quantity) VALUES (78, 2, 6);
INSERT INTO room_inventory (roomID, inventoryID, quantity) VALUES (78, 15, 9);
INSERT INTO room_inventory (roomID, inventoryID, quantity) VALUES (79, 10, 4);
INSERT INTO room_inventory (roomID, inventoryID, quantity) VALUES (80, 5, 1);
INSERT INTO room_inventory (roomID, inventoryID, quantity) VALUES (80, 6, 1);
INSERT INTO room_inventory (roomID, inventoryID, quantity) VALUES (80, 7, 1);
INSERT INTO room_inventory (roomID, inventoryID, quantity) VALUES (80, 8, 2);
INSERT INTO room_inventory (roomID, inventoryID, quantity) VALUES (80, 9, 2);
INSERT INTO room_inventory (roomID, inventoryID, quantity) VALUES (80, 14, 1);
INSERT INTO room_inventory (roomID, inventoryID, quantity) VALUES (80, 17, 1);
INSERT INTO room_inventory (roomID, inventoryID, quantity) VALUES (80, 19, 2);
INSERT INTO room_inventory (roomID, inventoryID, quantity) VALUES (80, 20, 1);
INSERT INTO room_inventory (roomID, inventoryID, quantity) VALUES (80, 15, 1);
INSERT INTO room_inventory (roomID, inventoryID, quantity) VALUES (81, 5, 1);
INSERT INTO room_inventory (roomID, inventoryID, quantity) VALUES (81, 6, 1);
INSERT INTO room_inventory (roomID, inventoryID, quantity) VALUES (81, 7, 1);
INSERT INTO room_inventory (roomID, inventoryID, quantity) VALUES (81, 8, 2);
INSERT INTO room_inventory (roomID, inventoryID, quantity) VALUES (81, 9, 2);
INSERT INTO room_inventory (roomID, inventoryID, quantity) VALUES (81, 14, 1);
INSERT INTO room_inventory (roomID, inventoryID, quantity) VALUES (81, 17, 1);
INSERT INTO room_inventory (roomID, inventoryID, quantity) VALUES (81, 19, 2);
INSERT INTO room_inventory (roomID, inventoryID, quantity) VALUES (81, 16, 1);
INSERT INTO room_inventory (roomID, inventoryID, quantity) VALUES (82, 5, 2);
INSERT INTO room_inventory (roomID, inventoryID, quantity) VALUES (82, 6, 2);
INSERT INTO room_inventory (roomID, inventoryID, quantity) VALUES (82, 7, 2);
INSERT INTO room_inventory (roomID, inventoryID, quantity) VALUES (82, 8, 3);
INSERT INTO room_inventory (roomID, inventoryID, quantity) VALUES (82, 9, 2);
INSERT INTO room_inventory (roomID, inventoryID, quantity) VALUES (82, 14, 2);
INSERT INTO room_inventory (roomID, inventoryID, quantity) VALUES (82, 17, 1);
INSERT INTO room_inventory (roomID, inventoryID, quantity) VALUES (82, 18, 2);
INSERT INTO room_inventory (roomID, inventoryID, quantity) VALUES (82, 19, 1);
INSERT INTO room_inventory (roomID, inventoryID, quantity) VALUES (82, 20, 1);
INSERT INTO room_inventory (roomID, inventoryID, quantity) VALUES (83, 1, 2);
INSERT INTO room_inventory (roomID, inventoryID, quantity) VALUES (83, 2, 2);
INSERT INTO room_inventory (roomID, inventoryID, quantity) VALUES (83, 8, 1);
INSERT INTO room_inventory (roomID, inventoryID, quantity) VALUES (83, 15, 2);
INSERT INTO room_inventory (roomID, inventoryID, quantity) VALUES (83, 3, 1);
INSERT INTO room_inventory (roomID, inventoryID, quantity) VALUES (83, 4, 2);
INSERT INTO room_inventory (roomID, inventoryID, quantity) VALUES (83, 9, 1);
INSERT INTO room_inventory (roomID, inventoryID, quantity) VALUES (83, 12, 1);
INSERT INTO room_inventory (roomID, inventoryID, quantity) VALUES (83, 13, 1);
INSERT INTO room_inventory (roomID, inventoryID, quantity) VALUES (84, 1, 2);
INSERT INTO room_inventory (roomID, inventoryID, quantity) VALUES (84, 2, 2);
INSERT INTO room_inventory (roomID, inventoryID, quantity) VALUES (84, 8, 1);
INSERT INTO room_inventory (roomID, inventoryID, quantity) VALUES (84, 15, 2);
INSERT INTO room_inventory (roomID, inventoryID, quantity) VALUES (84, 3, 1);
INSERT INTO room_inventory (roomID, inventoryID, quantity) VALUES (84, 4, 2);
INSERT INTO room_inventory (roomID, inventoryID, quantity) VALUES (84, 9, 1);
INSERT INTO room_inventory (roomID, inventoryID, quantity) VALUES (84, 12, 1);
INSERT INTO room_inventory (roomID, inventoryID, quantity) VALUES (84, 13, 1);
INSERT INTO room_inventory (roomID, inventoryID, quantity) VALUES (85, 1, 2);
INSERT INTO room_inventory (roomID, inventoryID, quantity) VALUES (85, 2, 2);
INSERT INTO room_inventory (roomID, inventoryID, quantity) VALUES (85, 8, 1);
INSERT INTO room_inventory (roomID, inventoryID, quantity) VALUES (85, 15, 2);
INSERT INTO room_inventory (roomID, inventoryID, quantity) VALUES (85, 3, 1);
INSERT INTO room_inventory (roomID, inventoryID, quantity) VALUES (85, 4, 2);
INSERT INTO room_inventory (roomID, inventoryID, quantity) VALUES (85, 9, 1);
INSERT INTO room_inventory (roomID, inventoryID, quantity) VALUES (85, 12, 1);
INSERT INTO room_inventory (roomID, inventoryID, quantity) VALUES (86, 1, 2);
INSERT INTO room_inventory (roomID, inventoryID, quantity) VALUES (86, 2, 2);
INSERT INTO room_inventory (roomID, inventoryID, quantity) VALUES (86, 8, 1);
INSERT INTO room_inventory (roomID, inventoryID, quantity) VALUES (86, 15, 2);
INSERT INTO room_inventory (roomID, inventoryID, quantity) VALUES (86, 3, 1);
INSERT INTO room_inventory (roomID, inventoryID, quantity) VALUES (86, 4, 2);
INSERT INTO room_inventory (roomID, inventoryID, quantity) VALUES (86, 9, 1);
INSERT INTO room_inventory (roomID, inventoryID, quantity) VALUES (86, 12, 1);
INSERT INTO room_inventory (roomID, inventoryID, quantity) VALUES (86, 6, 1);
INSERT INTO room_inventory (roomID, inventoryID, quantity) VALUES (87, 1, 2);
INSERT INTO room_inventory (roomID, inventoryID, quantity) VALUES (87, 2, 2);
INSERT INTO room_inventory (roomID, inventoryID, quantity) VALUES (87, 8, 1);
INSERT INTO room_inventory (roomID, inventoryID, quantity) VALUES (87, 15, 2);
INSERT INTO room_inventory (roomID, inventoryID, quantity) VALUES (87, 3, 1);
INSERT INTO room_inventory (roomID, inventoryID, quantity) VALUES (87, 4, 2);
INSERT INTO room_inventory (roomID, inventoryID, quantity) VALUES (87, 9, 1);
INSERT INTO room_inventory (roomID, inventoryID, quantity) VALUES (87, 12, 1);
INSERT INTO room_inventory (roomID, inventoryID, quantity) VALUES (87, 13, 1);
INSERT INTO room_inventory (roomID, inventoryID, quantity) VALUES (88, 1, 2);
INSERT INTO room_inventory (roomID, inventoryID, quantity) VALUES (88, 2, 2);
INSERT INTO room_inventory (roomID, inventoryID, quantity) VALUES (88, 8, 1);
INSERT INTO room_inventory (roomID, inventoryID, quantity) VALUES (88, 15, 2);
INSERT INTO room_inventory (roomID, inventoryID, quantity) VALUES (88, 3, 1);
INSERT INTO room_inventory (roomID, inventoryID, quantity) VALUES (88, 4, 2);
INSERT INTO room_inventory (roomID, inventoryID, quantity) VALUES (88, 9, 1);
INSERT INTO room_inventory (roomID, inventoryID, quantity) VALUES (88, 12, 1);
INSERT INTO room_inventory (roomID, inventoryID, quantity) VALUES (88, 10, 1);
INSERT INTO room_inventory (roomID, inventoryID, quantity) VALUES (89, 1, 2);
INSERT INTO room_inventory (roomID, inventoryID, quantity) VALUES (89, 2, 2);
INSERT INTO room_inventory (roomID, inventoryID, quantity) VALUES (89, 8, 1);
INSERT INTO room_inventory (roomID, inventoryID, quantity) VALUES (89, 15, 2);
INSERT INTO room_inventory (roomID, inventoryID, quantity) VALUES (89, 3, 1);
INSERT INTO room_inventory (roomID, inventoryID, quantity) VALUES (89, 4, 2);
INSERT INTO room_inventory (roomID, inventoryID, quantity) VALUES (89, 9, 1);
INSERT INTO room_inventory (roomID, inventoryID, quantity) VALUES (89, 12, 1);
INSERT INTO room_inventory (roomID, inventoryID, quantity) VALUES (89, 6, 1);
INSERT INTO room_inventory (roomID, inventoryID, quantity) VALUES (90, 1, 2);
INSERT INTO room_inventory (roomID, inventoryID, quantity) VALUES (90, 2, 2);
INSERT INTO room_inventory (roomID, inventoryID, quantity) VALUES (90, 8, 1);
INSERT INTO room_inventory (roomID, inventoryID, quantity) VALUES (90, 15, 2);
INSERT INTO room_inventory (roomID, inventoryID, quantity) VALUES (90, 3, 1);
INSERT INTO room_inventory (roomID, inventoryID, quantity) VALUES (90, 4, 2);
INSERT INTO room_inventory (roomID, inventoryID, quantity) VALUES (90, 9, 1);
INSERT INTO room_inventory (roomID, inventoryID, quantity) VALUES (90, 12, 1);
INSERT INTO room_inventory (roomID, inventoryID, quantity) VALUES (91, 1, 2);
INSERT INTO room_inventory (roomID, inventoryID, quantity) VALUES (91, 2, 2);
INSERT INTO room_inventory (roomID, inventoryID, quantity) VALUES (91, 8, 1);
INSERT INTO room_inventory (roomID, inventoryID, quantity) VALUES (91, 15, 2);
INSERT INTO room_inventory (roomID, inventoryID, quantity) VALUES (91, 3, 1);
INSERT INTO room_inventory (roomID, inventoryID, quantity) VALUES (91, 4, 2);
INSERT INTO room_inventory (roomID, inventoryID, quantity) VALUES (91, 9, 1);
INSERT INTO room_inventory (roomID, inventoryID, quantity) VALUES (91, 12, 1);
INSERT INTO room_inventory (roomID, inventoryID, quantity) VALUES (92, 9, 1);
INSERT INTO room_inventory (roomID, inventoryID, quantity) VALUES (93, 9, 1);
INSERT INTO room_inventory (roomID, inventoryID, quantity) VALUES (94, 13, 1);
INSERT INTO room_inventory (roomID, inventoryID, quantity) VALUES (95, 13, 1);
INSERT INTO room_inventory (roomID, inventoryID, quantity) VALUES (96, 5, 1);
INSERT INTO room_inventory (roomID, inventoryID, quantity) VALUES (96, 6, 1);
INSERT INTO room_inventory (roomID, inventoryID, quantity) VALUES (96, 7, 1);
INSERT INTO room_inventory (roomID, inventoryID, quantity) VALUES (96, 8, 2);
INSERT INTO room_inventory (roomID, inventoryID, quantity) VALUES (96, 9, 2);
INSERT INTO room_inventory (roomID, inventoryID, quantity) VALUES (96, 14, 1);
INSERT INTO room_inventory (roomID, inventoryID, quantity) VALUES (96, 17, 1);
INSERT INTO room_inventory (roomID, inventoryID, quantity) VALUES (96, 19, 2);
INSERT INTO room_inventory (roomID, inventoryID, quantity) VALUES (96, 20, 1);
INSERT INTO room_inventory (roomID, inventoryID, quantity) VALUES (96, 15, 1);
INSERT INTO room_inventory (roomID, inventoryID, quantity) VALUES (97, 5, 1);
INSERT INTO room_inventory (roomID, inventoryID, quantity) VALUES (97, 6, 1);
INSERT INTO room_inventory (roomID, inventoryID, quantity) VALUES (97, 7, 1);
INSERT INTO room_inventory (roomID, inventoryID, quantity) VALUES (97, 8, 2);
INSERT INTO room_inventory (roomID, inventoryID, quantity) VALUES (97, 9, 2);
INSERT INTO room_inventory (roomID, inventoryID, quantity) VALUES (97, 14, 1);
INSERT INTO room_inventory (roomID, inventoryID, quantity) VALUES (97, 17, 1);
INSERT INTO room_inventory (roomID, inventoryID, quantity) VALUES (97, 19, 2);
INSERT INTO room_inventory (roomID, inventoryID, quantity) VALUES (97, 20, 1);
INSERT INTO room_inventory (roomID, inventoryID, quantity) VALUES (98, 2, 2);
INSERT INTO room_inventory (roomID, inventoryID, quantity) VALUES (98, 8, 1);
INSERT INTO room_inventory (roomID, inventoryID, quantity) VALUES (98, 15, 2);
INSERT INTO room_inventory (roomID, inventoryID, quantity) VALUES (98, 3, 1);
INSERT INTO room_inventory (roomID, inventoryID, quantity) VALUES (98, 4, 2);
INSERT INTO room_inventory (roomID, inventoryID, quantity) VALUES (98, 9, 1);
INSERT INTO room_inventory (roomID, inventoryID, quantity) VALUES (98, 12, 1);
INSERT INTO room_inventory (roomID, inventoryID, quantity) VALUES (98, 10, 1);
INSERT INTO room_inventory (roomID, inventoryID, quantity) VALUES (99, 1, 2);
INSERT INTO room_inventory (roomID, inventoryID, quantity) VALUES (99, 2, 2);
INSERT INTO room_inventory (roomID, inventoryID, quantity) VALUES (99, 8, 1);
INSERT INTO room_inventory (roomID, inventoryID, quantity) VALUES (99, 15, 2);
INSERT INTO room_inventory (roomID, inventoryID, quantity) VALUES (99, 3, 1);
INSERT INTO room_inventory (roomID, inventoryID, quantity) VALUES (99, 4, 2);
INSERT INTO room_inventory (roomID, inventoryID, quantity) VALUES (99, 9, 1);
INSERT INTO room_inventory (roomID, inventoryID, quantity) VALUES (99, 12, 1);
INSERT INTO room_inventory (roomID, inventoryID, quantity) VALUES (99, 13, 1);
INSERT INTO room_inventory (roomID, inventoryID, quantity) VALUES (100, 1, 2);
INSERT INTO room_inventory (roomID, inventoryID, quantity) VALUES (100, 2, 2);
INSERT INTO room_inventory (roomID, inventoryID, quantity) VALUES (100, 8, 1);
INSERT INTO room_inventory (roomID, inventoryID, quantity) VALUES (100, 15, 2);
INSERT INTO room_inventory (roomID, inventoryID, quantity) VALUES (100, 3, 1);
INSERT INTO room_inventory (roomID, inventoryID, quantity) VALUES (100, 4, 2);
INSERT INTO room_inventory (roomID, inventoryID, quantity) VALUES (100, 9, 1);
INSERT INTO room_inventory (roomID, inventoryID, quantity) VALUES (100, 12, 1);
INSERT INTO room_inventory (roomID, inventoryID, quantity) VALUES (101, 1, 2);
INSERT INTO room_inventory (roomID, inventoryID, quantity) VALUES (101, 2, 2);
INSERT INTO room_inventory (roomID, inventoryID, quantity) VALUES (101, 8, 1);
INSERT INTO room_inventory (roomID, inventoryID, quantity) VALUES (101, 15, 2);
INSERT INTO room_inventory (roomID, inventoryID, quantity) VALUES (101, 3, 1);
INSERT INTO room_inventory (roomID, inventoryID, quantity) VALUES (101, 4, 2);
INSERT INTO room_inventory (roomID, inventoryID, quantity) VALUES (101, 9, 1);
INSERT INTO room_inventory (roomID, inventoryID, quantity) VALUES (101, 12, 1);
INSERT INTO room_inventory (roomID, inventoryID, quantity) VALUES (102, 1, 2);
INSERT INTO room_inventory (roomID, inventoryID, quantity) VALUES (102, 2, 2);
INSERT INTO room_inventory (roomID, inventoryID, quantity) VALUES (102, 8, 1);
INSERT INTO room_inventory (roomID, inventoryID, quantity) VALUES (102, 15, 2);
INSERT INTO room_inventory (roomID, inventoryID, quantity) VALUES (102, 3, 1);
INSERT INTO room_inventory (roomID, inventoryID, quantity) VALUES (102, 4, 2);
INSERT INTO room_inventory (roomID, inventoryID, quantity) VALUES (102, 9, 1);
INSERT INTO room_inventory (roomID, inventoryID, quantity) VALUES (102, 12, 1);
INSERT INTO room_inventory (roomID, inventoryID, quantity) VALUES (102, 13, 1);
INSERT INTO room_inventory (roomID, inventoryID, quantity) VALUES (103, 1, 2);
INSERT INTO room_inventory (roomID, inventoryID, quantity) VALUES (103, 2, 2);
INSERT INTO room_inventory (roomID, inventoryID, quantity) VALUES (103, 8, 1);
INSERT INTO room_inventory (roomID, inventoryID, quantity) VALUES (103, 15, 2);
INSERT INTO room_inventory (roomID, inventoryID, quantity) VALUES (103, 3, 1);
INSERT INTO room_inventory (roomID, inventoryID, quantity) VALUES (103, 4, 2);
INSERT INTO room_inventory (roomID, inventoryID, quantity) VALUES (103, 9, 1);
INSERT INTO room_inventory (roomID, inventoryID, quantity) VALUES (103, 12, 1);
INSERT INTO room_inventory (roomID, inventoryID, quantity) VALUES (103, 10, 1);
INSERT INTO room_inventory (roomID, inventoryID, quantity) VALUES (104, 1, 2);
INSERT INTO room_inventory (roomID, inventoryID, quantity) VALUES (104, 2, 2);
INSERT INTO room_inventory (roomID, inventoryID, quantity) VALUES (104, 8, 1);
INSERT INTO room_inventory (roomID, inventoryID, quantity) VALUES (104, 15, 2);
INSERT INTO room_inventory (roomID, inventoryID, quantity) VALUES (104, 3, 1);
INSERT INTO room_inventory (roomID, inventoryID, quantity) VALUES (104, 4, 2);
INSERT INTO room_inventory (roomID, inventoryID, quantity) VALUES (104, 9, 1);
INSERT INTO room_inventory (roomID, inventoryID, quantity) VALUES (104, 12, 1);
INSERT INTO room_inventory (roomID, inventoryID, quantity) VALUES (105, 1, 2);
INSERT INTO room_inventory (roomID, inventoryID, quantity) VALUES (105, 2, 2);
INSERT INTO room_inventory (roomID, inventoryID, quantity) VALUES (105, 8, 1);
INSERT INTO room_inventory (roomID, inventoryID, quantity) VALUES (105, 15, 2);
INSERT INTO room_inventory (roomID, inventoryID, quantity) VALUES (105, 3, 1);
INSERT INTO room_inventory (roomID, inventoryID, quantity) VALUES (105, 4, 2);
INSERT INTO room_inventory (roomID, inventoryID, quantity) VALUES (105, 9, 1);
INSERT INTO room_inventory (roomID, inventoryID, quantity) VALUES (105, 12, 1);
INSERT INTO room_inventory (roomID, inventoryID, quantity) VALUES (105, 13, 1);
INSERT INTO room_inventory (roomID, inventoryID, quantity) VALUES (106, 1, 2);
INSERT INTO room_inventory (roomID, inventoryID, quantity) VALUES (106, 2, 2);
INSERT INTO room_inventory (roomID, inventoryID, quantity) VALUES (106, 8, 1);
INSERT INTO room_inventory (roomID, inventoryID, quantity) VALUES (106, 15, 2);
INSERT INTO room_inventory (roomID, inventoryID, quantity) VALUES (106, 3, 1);
INSERT INTO room_inventory (roomID, inventoryID, quantity) VALUES (106, 4, 2);
INSERT INTO room_inventory (roomID, inventoryID, quantity) VALUES (106, 9, 1);
INSERT INTO room_inventory (roomID, inventoryID, quantity) VALUES (106, 12, 1);
INSERT INTO room_inventory (roomID, inventoryID, quantity) VALUES (107, 1, 2);
INSERT INTO room_inventory (roomID, inventoryID, quantity) VALUES (107, 2, 2);
INSERT INTO room_inventory (roomID, inventoryID, quantity) VALUES (107, 8, 1);
INSERT INTO room_inventory (roomID, inventoryID, quantity) VALUES (107, 15, 2);
INSERT INTO room_inventory (roomID, inventoryID, quantity) VALUES (107, 3, 1);
INSERT INTO room_inventory (roomID, inventoryID, quantity) VALUES (107, 4, 2);
INSERT INTO room_inventory (roomID, inventoryID, quantity) VALUES (107, 9, 1);
INSERT INTO room_inventory (roomID, inventoryID, quantity) VALUES (107, 12, 1);
INSERT INTO room_inventory (roomID, inventoryID, quantity) VALUES (107, 10, 1);
INSERT INTO room_inventory (roomID, inventoryID, quantity) VALUES (108, 1, 2);
INSERT INTO room_inventory (roomID, inventoryID, quantity) VALUES (108, 2, 2);
INSERT INTO room_inventory (roomID, inventoryID, quantity) VALUES (108, 8, 1);
INSERT INTO room_inventory (roomID, inventoryID, quantity) VALUES (108, 15, 2);
INSERT INTO room_inventory (roomID, inventoryID, quantity) VALUES (108, 3, 1);
INSERT INTO room_inventory (roomID, inventoryID, quantity) VALUES (108, 4, 2);
INSERT INTO room_inventory (roomID, inventoryID, quantity) VALUES (108, 9, 1);
INSERT INTO room_inventory (roomID, inventoryID, quantity) VALUES (108, 12, 1);
INSERT INTO room_inventory (roomID, inventoryID, quantity) VALUES (108, 13, 1);
INSERT INTO room_inventory (roomID, inventoryID, quantity) VALUES (109, 1, 2);
INSERT INTO room_inventory (roomID, inventoryID, quantity) VALUES (109, 2, 2);
INSERT INTO room_inventory (roomID, inventoryID, quantity) VALUES (109, 8, 1);
INSERT INTO room_inventory (roomID, inventoryID, quantity) VALUES (109, 15, 2);
INSERT INTO room_inventory (roomID, inventoryID, quantity) VALUES (109, 3, 1);
INSERT INTO room_inventory (roomID, inventoryID, quantity) VALUES (109, 4, 2);
INSERT INTO room_inventory (roomID, inventoryID, quantity) VALUES (109, 9, 1);
INSERT INTO room_inventory (roomID, inventoryID, quantity) VALUES (109, 12, 1);
INSERT INTO room_inventory (roomID, inventoryID, quantity) VALUES (110, 1, 2);
INSERT INTO room_inventory (roomID, inventoryID, quantity) VALUES (110, 2, 2);
INSERT INTO room_inventory (roomID, inventoryID, quantity) VALUES (110, 8, 1);
INSERT INTO room_inventory (roomID, inventoryID, quantity) VALUES (110, 15, 2);
INSERT INTO room_inventory (roomID, inventoryID, quantity) VALUES (110, 3, 1);
INSERT INTO room_inventory (roomID, inventoryID, quantity) VALUES (110, 4, 2);
INSERT INTO room_inventory (roomID, inventoryID, quantity) VALUES (110, 9, 1);
INSERT INTO room_inventory (roomID, inventoryID, quantity) VALUES (110, 12, 1);
INSERT INTO room_inventory (roomID, inventoryID, quantity) VALUES (110, 13, 1);
INSERT INTO room_inventory (roomID, inventoryID, quantity) VALUES (111, 1, 2);
INSERT INTO room_inventory (roomID, inventoryID, quantity) VALUES (111, 2, 2);
INSERT INTO room_inventory (roomID, inventoryID, quantity) VALUES (111, 8, 1);
INSERT INTO room_inventory (roomID, inventoryID, quantity) VALUES (111, 15, 2);
INSERT INTO room_inventory (roomID, inventoryID, quantity) VALUES (111, 3, 1);
INSERT INTO room_inventory (roomID, inventoryID, quantity) VALUES (111, 4, 2);
INSERT INTO room_inventory (roomID, inventoryID, quantity) VALUES (111, 9, 1);
INSERT INTO room_inventory (roomID, inventoryID, quantity) VALUES (111, 12, 1);
INSERT INTO room_inventory (roomID, inventoryID, quantity) VALUES (112, 1, 2);
INSERT INTO room_inventory (roomID, inventoryID, quantity) VALUES (112, 2, 2);
INSERT INTO room_inventory (roomID, inventoryID, quantity) VALUES (112, 8, 1);
INSERT INTO room_inventory (roomID, inventoryID, quantity) VALUES (112, 15, 2);
INSERT INTO room_inventory (roomID, inventoryID, quantity) VALUES (112, 3, 1);
INSERT INTO room_inventory (roomID, inventoryID, quantity) VALUES (112, 4, 2);
INSERT INTO room_inventory (roomID, inventoryID, quantity) VALUES (112, 9, 1);
INSERT INTO room_inventory (roomID, inventoryID, quantity) VALUES (112, 12, 1);
INSERT INTO room_inventory (roomID, inventoryID, quantity) VALUES (112, 10, 1);
INSERT INTO room_inventory (roomID, inventoryID, quantity) VALUES (113, 1, 2);
INSERT INTO room_inventory (roomID, inventoryID, quantity) VALUES (113, 2, 2);
INSERT INTO room_inventory (roomID, inventoryID, quantity) VALUES (113, 8, 1);
INSERT INTO room_inventory (roomID, inventoryID, quantity) VALUES (113, 15, 2);
INSERT INTO room_inventory (roomID, inventoryID, quantity) VALUES (113, 3, 1);
INSERT INTO room_inventory (roomID, inventoryID, quantity) VALUES (113, 4, 2);
INSERT INTO room_inventory (roomID, inventoryID, quantity) VALUES (113, 9, 1);
INSERT INTO room_inventory (roomID, inventoryID, quantity) VALUES (113, 12, 1);
INSERT INTO room_inventory (roomID, inventoryID, quantity) VALUES (113, 16, 1);
INSERT INTO room_inventory (roomID, inventoryID, quantity) VALUES (114, 1, 2);
INSERT INTO room_inventory (roomID, inventoryID, quantity) VALUES (114, 2, 2);
INSERT INTO room_inventory (roomID, inventoryID, quantity) VALUES (114, 8, 1);
INSERT INTO room_inventory (roomID, inventoryID, quantity) VALUES (114, 15, 2);
INSERT INTO room_inventory (roomID, inventoryID, quantity) VALUES (114, 3, 1);
INSERT INTO room_inventory (roomID, inventoryID, quantity) VALUES (114, 4, 2);
INSERT INTO room_inventory (roomID, inventoryID, quantity) VALUES (114, 9, 1);
INSERT INTO room_inventory (roomID, inventoryID, quantity) VALUES (114, 12, 1);
INSERT INTO room_inventory (roomID, inventoryID, quantity) VALUES (114, 6, 1);
INSERT INTO room_inventory (roomID, inventoryID, quantity) VALUES (115, 1, 2);
INSERT INTO room_inventory (roomID, inventoryID, quantity) VALUES (115, 2, 2);
INSERT INTO room_inventory (roomID, inventoryID, quantity) VALUES (115, 8, 1);
INSERT INTO room_inventory (roomID, inventoryID, quantity) VALUES (115, 15, 2);
INSERT INTO room_inventory (roomID, inventoryID, quantity) VALUES (115, 3, 1);
INSERT INTO room_inventory (roomID, inventoryID, quantity) VALUES (115, 4, 2);
INSERT INTO room_inventory (roomID, inventoryID, quantity) VALUES (115, 9, 1);
INSERT INTO room_inventory (roomID, inventoryID, quantity) VALUES (115, 12, 1);
INSERT INTO room_inventory (roomID, inventoryID, quantity) VALUES (116, 1, 2);
INSERT INTO room_inventory (roomID, inventoryID, quantity) VALUES (116, 2, 2);
INSERT INTO room_inventory (roomID, inventoryID, quantity) VALUES (116, 8, 1);
INSERT INTO room_inventory (roomID, inventoryID, quantity) VALUES (116, 15, 2);
INSERT INTO room_inventory (roomID, inventoryID, quantity) VALUES (116, 3, 1);
INSERT INTO room_inventory (roomID, inventoryID, quantity) VALUES (116, 4, 2);
INSERT INTO room_inventory (roomID, inventoryID, quantity) VALUES (116, 9, 1);
INSERT INTO room_inventory (roomID, inventoryID, quantity) VALUES (116, 12, 1);
INSERT INTO room_inventory (roomID, inventoryID, quantity) VALUES (117, 9, 1);
INSERT INTO room_inventory (roomID, inventoryID, quantity) VALUES (118, 9, 1);
INSERT INTO room_inventory (roomID, inventoryID, quantity) VALUES (119, 13, 1);
INSERT INTO room_inventory (roomID, inventoryID, quantity) VALUES (120, 13, 1);
INSERT INTO room_inventory (roomID, inventoryID, quantity) VALUES (121, 1, 2);
INSERT INTO room_inventory (roomID, inventoryID, quantity) VALUES (121, 2, 2);
INSERT INTO room_inventory (roomID, inventoryID, quantity) VALUES (121, 8, 1);
INSERT INTO room_inventory (roomID, inventoryID, quantity) VALUES (121, 15, 2);
INSERT INTO room_inventory (roomID, inventoryID, quantity) VALUES (121, 3, 1);
INSERT INTO room_inventory (roomID, inventoryID, quantity) VALUES (121, 4, 2);
INSERT INTO room_inventory (roomID, inventoryID, quantity) VALUES (121, 9, 1);
INSERT INTO room_inventory (roomID, inventoryID, quantity) VALUES (121, 12, 1);
INSERT INTO room_inventory (roomID, inventoryID, quantity) VALUES (122, 1, 2);
INSERT INTO room_inventory (roomID, inventoryID, quantity) VALUES (122, 2, 2);
INSERT INTO room_inventory (roomID, inventoryID, quantity) VALUES (122, 8, 1);
INSERT INTO room_inventory (roomID, inventoryID, quantity) VALUES (122, 15, 2);
INSERT INTO room_inventory (roomID, inventoryID, quantity) VALUES (122, 3, 1);
INSERT INTO room_inventory (roomID, inventoryID, quantity) VALUES (122, 4, 2);
INSERT INTO room_inventory (roomID, inventoryID, quantity) VALUES (122, 9, 1);
INSERT INTO room_inventory (roomID, inventoryID, quantity) VALUES (122, 12, 1);
INSERT INTO room_inventory (roomID, inventoryID, quantity) VALUES (122, 13, 1);
INSERT INTO room_inventory (roomID, inventoryID, quantity) VALUES (123, 1, 2);
INSERT INTO room_inventory (roomID, inventoryID, quantity) VALUES (123, 2, 2);
INSERT INTO room_inventory (roomID, inventoryID, quantity) VALUES (123, 8, 1);
INSERT INTO room_inventory (roomID, inventoryID, quantity) VALUES (123, 15, 2);
INSERT INTO room_inventory (roomID, inventoryID, quantity) VALUES (123, 3, 1);
INSERT INTO room_inventory (roomID, inventoryID, quantity) VALUES (123, 4, 2);
INSERT INTO room_inventory (roomID, inventoryID, quantity) VALUES (123, 9, 1);
INSERT INTO room_inventory (roomID, inventoryID, quantity) VALUES (123, 12, 1);
INSERT INTO room_inventory (roomID, inventoryID, quantity) VALUES (123, 16, 1);
INSERT INTO room_inventory (roomID, inventoryID, quantity) VALUES (124, 1, 2);
INSERT INTO room_inventory (roomID, inventoryID, quantity) VALUES (124, 2, 2);
INSERT INTO room_inventory (roomID, inventoryID, quantity) VALUES (124, 8, 1);
INSERT INTO room_inventory (roomID, inventoryID, quantity) VALUES (124, 15, 2);
INSERT INTO room_inventory (roomID, inventoryID, quantity) VALUES (124, 3, 1);
INSERT INTO room_inventory (roomID, inventoryID, quantity) VALUES (124, 4, 2);
INSERT INTO room_inventory (roomID, inventoryID, quantity) VALUES (124, 9, 1);
INSERT INTO room_inventory (roomID, inventoryID, quantity) VALUES (124, 12, 1);
INSERT INTO room_inventory (roomID, inventoryID, quantity) VALUES (124, 13, 1);
INSERT INTO room_inventory (roomID, inventoryID, quantity) VALUES (125, 1, 2);
INSERT INTO room_inventory (roomID, inventoryID, quantity) VALUES (125, 2, 2);
INSERT INTO room_inventory (roomID, inventoryID, quantity) VALUES (125, 8, 1);
INSERT INTO room_inventory (roomID, inventoryID, quantity) VALUES (125, 15, 2);
INSERT INTO room_inventory (roomID, inventoryID, quantity) VALUES (125, 3, 1);
INSERT INTO room_inventory (roomID, inventoryID, quantity) VALUES (125, 4, 2);
INSERT INTO room_inventory (roomID, inventoryID, quantity) VALUES (125, 9, 1);
INSERT INTO room_inventory (roomID, inventoryID, quantity) VALUES (125, 12, 1);
INSERT INTO room_inventory (roomID, inventoryID, quantity) VALUES (126, 1, 2);
INSERT INTO room_inventory (roomID, inventoryID, quantity) VALUES (126, 2, 2);
INSERT INTO room_inventory (roomID, inventoryID, quantity) VALUES (126, 8, 1);
INSERT INTO room_inventory (roomID, inventoryID, quantity) VALUES (126, 15, 2);
INSERT INTO room_inventory (roomID, inventoryID, quantity) VALUES (126, 3, 1);
INSERT INTO room_inventory (roomID, inventoryID, quantity) VALUES (126, 4, 2);
INSERT INTO room_inventory (roomID, inventoryID, quantity) VALUES (126, 9, 1);
INSERT INTO room_inventory (roomID, inventoryID, quantity) VALUES (126, 12, 1);
INSERT INTO room_inventory (roomID, inventoryID, quantity) VALUES (127, 1, 2);
INSERT INTO room_inventory (roomID, inventoryID, quantity) VALUES (127, 2, 2);
INSERT INTO room_inventory (roomID, inventoryID, quantity) VALUES (127, 8, 1);
INSERT INTO room_inventory (roomID, inventoryID, quantity) VALUES (127, 15, 2);
INSERT INTO room_inventory (roomID, inventoryID, quantity) VALUES (127, 3, 1);
INSERT INTO room_inventory (roomID, inventoryID, quantity) VALUES (127, 4, 2);
INSERT INTO room_inventory (roomID, inventoryID, quantity) VALUES (127, 9, 1);
INSERT INTO room_inventory (roomID, inventoryID, quantity) VALUES (127, 12, 1);
INSERT INTO room_inventory (roomID, inventoryID, quantity) VALUES (128, 1, 2);
INSERT INTO room_inventory (roomID, inventoryID, quantity) VALUES (128, 2, 2);
INSERT INTO room_inventory (roomID, inventoryID, quantity) VALUES (128, 8, 1);
INSERT INTO room_inventory (roomID, inventoryID, quantity) VALUES (128, 15, 2);
INSERT INTO room_inventory (roomID, inventoryID, quantity) VALUES (128, 3, 1);
INSERT INTO room_inventory (roomID, inventoryID, quantity) VALUES (128, 4, 2);
INSERT INTO room_inventory (roomID, inventoryID, quantity) VALUES (128, 9, 1);
INSERT INTO room_inventory (roomID, inventoryID, quantity) VALUES (128, 12, 1);
INSERT INTO room_inventory (roomID, inventoryID, quantity) VALUES (128, 10, 1);
INSERT INTO room_inventory (roomID, inventoryID, quantity) VALUES (129, 1, 2);
INSERT INTO room_inventory (roomID, inventoryID, quantity) VALUES (129, 2, 2);
INSERT INTO room_inventory (roomID, inventoryID, quantity) VALUES (129, 8, 1);
INSERT INTO room_inventory (roomID, inventoryID, quantity) VALUES (129, 15, 2);
INSERT INTO room_inventory (roomID, inventoryID, quantity) VALUES (129, 3, 1);
INSERT INTO room_inventory (roomID, inventoryID, quantity) VALUES (129, 4, 2);
INSERT INTO room_inventory (roomID, inventoryID, quantity) VALUES (129, 9, 1);
INSERT INTO room_inventory (roomID, inventoryID, quantity) VALUES (129, 12, 1);
INSERT INTO room_inventory (roomID, inventoryID, quantity) VALUES (129, 13, 1);
INSERT INTO room_inventory (roomID, inventoryID, quantity) VALUES (130, 1, 3);
INSERT INTO room_inventory (roomID, inventoryID, quantity) VALUES (130, 2, 3);
INSERT INTO room_inventory (roomID, inventoryID, quantity) VALUES (130, 8, 2);
INSERT INTO room_inventory (roomID, inventoryID, quantity) VALUES (130, 15, 3);
INSERT INTO room_inventory (roomID, inventoryID, quantity) VALUES (130, 3, 2);
INSERT INTO room_inventory (roomID, inventoryID, quantity) VALUES (130, 4, 1);
INSERT INTO room_inventory (roomID, inventoryID, quantity) VALUES (130, 9, 2);
INSERT INTO room_inventory (roomID, inventoryID, quantity) VALUES (130, 12, 2);
INSERT INTO room_inventory (roomID, inventoryID, quantity) VALUES (130, 13, 2);
INSERT INTO room_inventory (roomID, inventoryID, quantity) VALUES (131, 2, 6);
INSERT INTO room_inventory (roomID, inventoryID, quantity) VALUES (131, 15, 10);
INSERT INTO room_inventory (roomID, inventoryID, quantity) VALUES (132, 10, 4);
INSERT INTO room_inventory (roomID, inventoryID, quantity) VALUES (133, 5, 1);
INSERT INTO room_inventory (roomID, inventoryID, quantity) VALUES (133, 6, 1);
INSERT INTO room_inventory (roomID, inventoryID, quantity) VALUES (133, 7, 1);
INSERT INTO room_inventory (roomID, inventoryID, quantity) VALUES (133, 8, 2);
INSERT INTO room_inventory (roomID, inventoryID, quantity) VALUES (133, 9, 2);
INSERT INTO room_inventory (roomID, inventoryID, quantity) VALUES (133, 14, 1);
INSERT INTO room_inventory (roomID, inventoryID, quantity) VALUES (133, 17, 1);
INSERT INTO room_inventory (roomID, inventoryID, quantity) VALUES (133, 19, 2);
INSERT INTO room_inventory (roomID, inventoryID, quantity) VALUES (133, 20, 1);
INSERT INTO room_inventory (roomID, inventoryID, quantity) VALUES (133, 15, 1);
INSERT INTO room_inventory (roomID, inventoryID, quantity) VALUES (134, 11, 1);
INSERT INTO room_inventory (roomID, inventoryID, quantity) VALUES (134, 16, 1);
INSERT INTO room_inventory (roomID, inventoryID, quantity) VALUES (135, 1, 2);
INSERT INTO room_inventory (roomID, inventoryID, quantity) VALUES (135, 2, 2);
INSERT INTO room_inventory (roomID, inventoryID, quantity) VALUES (135, 8, 1);
INSERT INTO room_inventory (roomID, inventoryID, quantity) VALUES (135, 15, 2);
INSERT INTO room_inventory (roomID, inventoryID, quantity) VALUES (135, 3, 1);
INSERT INTO room_inventory (roomID, inventoryID, quantity) VALUES (135, 4, 2);
INSERT INTO room_inventory (roomID, inventoryID, quantity) VALUES (135, 9, 1);
INSERT INTO room_inventory (roomID, inventoryID, quantity) VALUES (135, 12, 1);
INSERT INTO room_inventory (roomID, inventoryID, quantity) VALUES (136, 1, 2);
INSERT INTO room_inventory (roomID, inventoryID, quantity) VALUES (136, 2, 2);
INSERT INTO room_inventory (roomID, inventoryID, quantity) VALUES (136, 8, 1);
INSERT INTO room_inventory (roomID, inventoryID, quantity) VALUES (136, 15, 2);
INSERT INTO room_inventory (roomID, inventoryID, quantity) VALUES (136, 3, 1);
INSERT INTO room_inventory (roomID, inventoryID, quantity) VALUES (136, 4, 2);
INSERT INTO room_inventory (roomID, inventoryID, quantity) VALUES (136, 9, 1);
INSERT INTO room_inventory (roomID, inventoryID, quantity) VALUES (136, 12, 1);
INSERT INTO room_inventory (roomID, inventoryID, quantity) VALUES (136, 13, 1);
INSERT INTO room_inventory (roomID, inventoryID, quantity) VALUES (137, 1, 1);
INSERT INTO room_inventory (roomID, inventoryID, quantity) VALUES (137, 2, 2);
INSERT INTO room_inventory (roomID, inventoryID, quantity) VALUES (137, 8, 1);
INSERT INTO room_inventory (roomID, inventoryID, quantity) VALUES (137, 15, 1);
INSERT INTO room_inventory (roomID, inventoryID, quantity) VALUES (137, 3, 1);
INSERT INTO room_inventory (roomID, inventoryID, quantity) VALUES (137, 4, 1);
INSERT INTO room_inventory (roomID, inventoryID, quantity) VALUES (137, 9, 1);
INSERT INTO room_inventory (roomID, inventoryID, quantity) VALUES (137, 12, 1);
INSERT INTO room_inventory (roomID, inventoryID, quantity) VALUES (137, 13, 1);
INSERT INTO room_inventory (roomID, inventoryID, quantity) VALUES (138, 20, 1);
INSERT INTO room_inventory (roomID, inventoryID, quantity) VALUES (139, 1, 1);
INSERT INTO room_inventory (roomID, inventoryID, quantity) VALUES (139, 2, 2);
INSERT INTO room_inventory (roomID, inventoryID, quantity) VALUES (139, 8, 1);
INSERT INTO room_inventory (roomID, inventoryID, quantity) VALUES (139, 15, 1);
INSERT INTO room_inventory (roomID, inventoryID, quantity) VALUES (139, 3, 1);
INSERT INTO room_inventory (roomID, inventoryID, quantity) VALUES (139, 4, 1);
INSERT INTO room_inventory (roomID, inventoryID, quantity) VALUES (139, 9, 1);
INSERT INTO room_inventory (roomID, inventoryID, quantity) VALUES (139, 12, 1);
INSERT INTO room_inventory (roomID, inventoryID, quantity) VALUES (139, 13, 1);
INSERT INTO room_inventory (roomID, inventoryID, quantity) VALUES (140, 1, 2);
INSERT INTO room_inventory (roomID, inventoryID, quantity) VALUES (140, 2, 2);
INSERT INTO room_inventory (roomID, inventoryID, quantity) VALUES (140, 8, 1);
INSERT INTO room_inventory (roomID, inventoryID, quantity) VALUES (140, 15, 2);
INSERT INTO room_inventory (roomID, inventoryID, quantity) VALUES (140, 3, 1);
INSERT INTO room_inventory (roomID, inventoryID, quantity) VALUES (140, 4, 2);
INSERT INTO room_inventory (roomID, inventoryID, quantity) VALUES (140, 9, 1);
INSERT INTO room_inventory (roomID, inventoryID, quantity) VALUES (140, 12, 1);
INSERT INTO room_inventory (roomID, inventoryID, quantity) VALUES (141, 1, 2);
INSERT INTO room_inventory (roomID, inventoryID, quantity) VALUES (141, 2, 2);
INSERT INTO room_inventory (roomID, inventoryID, quantity) VALUES (141, 8, 1);
INSERT INTO room_inventory (roomID, inventoryID, quantity) VALUES (141, 15, 2);
INSERT INTO room_inventory (roomID, inventoryID, quantity) VALUES (141, 3, 1);
INSERT INTO room_inventory (roomID, inventoryID, quantity) VALUES (141, 4, 2);
INSERT INTO room_inventory (roomID, inventoryID, quantity) VALUES (141, 9, 1);
INSERT INTO room_inventory (roomID, inventoryID, quantity) VALUES (141, 12, 1);
INSERT INTO room_inventory (roomID, inventoryID, quantity) VALUES (141, 13, 1);
INSERT INTO room_inventory (roomID, inventoryID, quantity) VALUES (142, 1, 2);
INSERT INTO room_inventory (roomID, inventoryID, quantity) VALUES (142, 2, 2);
INSERT INTO room_inventory (roomID, inventoryID, quantity) VALUES (142, 8, 1);
INSERT INTO room_inventory (roomID, inventoryID, quantity) VALUES (142, 15, 2);
INSERT INTO room_inventory (roomID, inventoryID, quantity) VALUES (142, 3, 1);
INSERT INTO room_inventory (roomID, inventoryID, quantity) VALUES (142, 4, 2);
INSERT INTO room_inventory (roomID, inventoryID, quantity) VALUES (142, 9, 1);
INSERT INTO room_inventory (roomID, inventoryID, quantity) VALUES (142, 12, 1);
INSERT INTO room_inventory (roomID, inventoryID, quantity) VALUES (142, 13, 1);
INSERT INTO room_inventory (roomID, inventoryID, quantity) VALUES (143, 1, 2);
INSERT INTO room_inventory (roomID, inventoryID, quantity) VALUES (143, 2, 2);
INSERT INTO room_inventory (roomID, inventoryID, quantity) VALUES (143, 8, 1);
INSERT INTO room_inventory (roomID, inventoryID, quantity) VALUES (143, 15, 2);
INSERT INTO room_inventory (roomID, inventoryID, quantity) VALUES (143, 3, 1);
INSERT INTO room_inventory (roomID, inventoryID, quantity) VALUES (143, 4, 2);
INSERT INTO room_inventory (roomID, inventoryID, quantity) VALUES (143, 9, 1);
INSERT INTO room_inventory (roomID, inventoryID, quantity) VALUES (143, 12, 1);
INSERT INTO room_inventory (roomID, inventoryID, quantity) VALUES (143, 13, 1);
INSERT INTO room_inventory (roomID, inventoryID, quantity) VALUES (144, 1, 2);
INSERT INTO room_inventory (roomID, inventoryID, quantity) VALUES (144, 2, 2);
INSERT INTO room_inventory (roomID, inventoryID, quantity) VALUES (144, 8, 1);
INSERT INTO room_inventory (roomID, inventoryID, quantity) VALUES (144, 15, 2);
INSERT INTO room_inventory (roomID, inventoryID, quantity) VALUES (144, 3, 1);
INSERT INTO room_inventory (roomID, inventoryID, quantity) VALUES (144, 4, 2);
INSERT INTO room_inventory (roomID, inventoryID, quantity) VALUES (144, 9, 1);
INSERT INTO room_inventory (roomID, inventoryID, quantity) VALUES (144, 12, 1);
INSERT INTO room_inventory (roomID, inventoryID, quantity) VALUES (145, 9, 1);
INSERT INTO room_inventory (roomID, inventoryID, quantity) VALUES (146, 9, 1);
INSERT INTO room_inventory (roomID, inventoryID, quantity) VALUES (147, 13, 1);
INSERT INTO room_inventory (roomID, inventoryID, quantity) VALUES (148, 13, 1);
INSERT INTO room_inventory (roomID, inventoryID, quantity) VALUES (149, 1, 2);
INSERT INTO room_inventory (roomID, inventoryID, quantity) VALUES (149, 2, 2);
INSERT INTO room_inventory (roomID, inventoryID, quantity) VALUES (149, 8, 1);
INSERT INTO room_inventory (roomID, inventoryID, quantity) VALUES (149, 15, 2);
INSERT INTO room_inventory (roomID, inventoryID, quantity) VALUES (149, 3, 1);
INSERT INTO room_inventory (roomID, inventoryID, quantity) VALUES (149, 4, 2);
INSERT INTO room_inventory (roomID, inventoryID, quantity) VALUES (149, 9, 1);
INSERT INTO room_inventory (roomID, inventoryID, quantity) VALUES (149, 12, 1);
INSERT INTO room_inventory (roomID, inventoryID, quantity) VALUES (149, 13, 1);
INSERT INTO room_inventory (roomID, inventoryID, quantity) VALUES (150, 1, 2);
INSERT INTO room_inventory (roomID, inventoryID, quantity) VALUES (150, 2, 2);
INSERT INTO room_inventory (roomID, inventoryID, quantity) VALUES (150, 8, 1);
INSERT INTO room_inventory (roomID, inventoryID, quantity) VALUES (150, 15, 2);
INSERT INTO room_inventory (roomID, inventoryID, quantity) VALUES (150, 3, 1);
INSERT INTO room_inventory (roomID, inventoryID, quantity) VALUES (150, 4, 2);
INSERT INTO room_inventory (roomID, inventoryID, quantity) VALUES (150, 9, 1);
INSERT INTO room_inventory (roomID, inventoryID, quantity) VALUES (150, 12, 1);
INSERT INTO room_inventory (roomID, inventoryID, quantity) VALUES (150, 13, 1);
INSERT INTO room_inventory (roomID, inventoryID, quantity) VALUES (151, 1, 2);
INSERT INTO room_inventory (roomID, inventoryID, quantity) VALUES (151, 2, 2);
INSERT INTO room_inventory (roomID, inventoryID, quantity) VALUES (151, 8, 1);
INSERT INTO room_inventory (roomID, inventoryID, quantity) VALUES (151, 15, 2);
INSERT INTO room_inventory (roomID, inventoryID, quantity) VALUES (151, 3, 1);
INSERT INTO room_inventory (roomID, inventoryID, quantity) VALUES (151, 4, 2);
INSERT INTO room_inventory (roomID, inventoryID, quantity) VALUES (151, 9, 1);
INSERT INTO room_inventory (roomID, inventoryID, quantity) VALUES (151, 12, 1);
INSERT INTO room_inventory (roomID, inventoryID, quantity) VALUES (151, 10, 1);
INSERT INTO room_inventory (roomID, inventoryID, quantity) VALUES (152, 1, 1);
INSERT INTO room_inventory (roomID, inventoryID, quantity) VALUES (152, 2, 2);
INSERT INTO room_inventory (roomID, inventoryID, quantity) VALUES (152, 8, 1);
INSERT INTO room_inventory (roomID, inventoryID, quantity) VALUES (152, 15, 1);
INSERT INTO room_inventory (roomID, inventoryID, quantity) VALUES (152, 3, 1);
INSERT INTO room_inventory (roomID, inventoryID, quantity) VALUES (152, 4, 1);
INSERT INTO room_inventory (roomID, inventoryID, quantity) VALUES (152, 9, 1);
INSERT INTO room_inventory (roomID, inventoryID, quantity) VALUES (152, 12, 1);
INSERT INTO room_inventory (roomID, inventoryID, quantity) VALUES (152, 13, 1);
INSERT INTO room_inventory (roomID, inventoryID, quantity) VALUES (153, 1, 1);
INSERT INTO room_inventory (roomID, inventoryID, quantity) VALUES (153, 2, 2);
INSERT INTO room_inventory (roomID, inventoryID, quantity) VALUES (153, 8, 1);
INSERT INTO room_inventory (roomID, inventoryID, quantity) VALUES (153, 15, 1);
INSERT INTO room_inventory (roomID, inventoryID, quantity) VALUES (153, 3, 1);
INSERT INTO room_inventory (roomID, inventoryID, quantity) VALUES (153, 4, 1);
INSERT INTO room_inventory (roomID, inventoryID, quantity) VALUES (153, 9, 1);
INSERT INTO room_inventory (roomID, inventoryID, quantity) VALUES (153, 12, 1);
INSERT INTO room_inventory (roomID, inventoryID, quantity) VALUES (153, 10, 1);
INSERT INTO room_inventory (roomID, inventoryID, quantity) VALUES (154, 1, 2);
INSERT INTO room_inventory (roomID, inventoryID, quantity) VALUES (154, 2, 2);
INSERT INTO room_inventory (roomID, inventoryID, quantity) VALUES (154, 8, 1);
INSERT INTO room_inventory (roomID, inventoryID, quantity) VALUES (154, 15, 2);
INSERT INTO room_inventory (roomID, inventoryID, quantity) VALUES (154, 3, 1);
INSERT INTO room_inventory (roomID, inventoryID, quantity) VALUES (154, 4, 2);
INSERT INTO room_inventory (roomID, inventoryID, quantity) VALUES (154, 9, 1);
INSERT INTO room_inventory (roomID, inventoryID, quantity) VALUES (154, 12, 1);
INSERT INTO room_inventory (roomID, inventoryID, quantity) VALUES (154, 13, 1);
INSERT INTO room_inventory (roomID, inventoryID, quantity) VALUES (155, 2, 6);
INSERT INTO room_inventory (roomID, inventoryID, quantity) VALUES (155, 15, 7);
INSERT INTO room_inventory (roomID, inventoryID, quantity) VALUES (156, 10, 4);
INSERT INTO room_inventory (roomID, inventoryID, quantity) VALUES (157, 12, 1);
INSERT INTO room_inventory (roomID, inventoryID, quantity) VALUES (158, 1, 2);
INSERT INTO room_inventory (roomID, inventoryID, quantity) VALUES (158, 2, 2);
INSERT INTO room_inventory (roomID, inventoryID, quantity) VALUES (158, 8, 1);
INSERT INTO room_inventory (roomID, inventoryID, quantity) VALUES (158, 15, 2);
INSERT INTO room_inventory (roomID, inventoryID, quantity) VALUES (158, 3, 1);
INSERT INTO room_inventory (roomID, inventoryID, quantity) VALUES (158, 4, 2);
INSERT INTO room_inventory (roomID, inventoryID, quantity) VALUES (158, 9, 1);
INSERT INTO room_inventory (roomID, inventoryID, quantity) VALUES (158, 12, 1);
INSERT INTO room_inventory (roomID, inventoryID, quantity) VALUES (158, 13, 1);
INSERT INTO room_inventory (roomID, inventoryID, quantity) VALUES (159, 1, 2);
INSERT INTO room_inventory (roomID, inventoryID, quantity) VALUES (159, 2, 2);
INSERT INTO room_inventory (roomID, inventoryID, quantity) VALUES (159, 8, 1);
INSERT INTO room_inventory (roomID, inventoryID, quantity) VALUES (159, 15, 2);
INSERT INTO room_inventory (roomID, inventoryID, quantity) VALUES (159, 3, 1);
INSERT INTO room_inventory (roomID, inventoryID, quantity) VALUES (159, 4, 2);

INSERT INTO `keys` (roomID, residentID, location) VALUES (1, 1, '');
INSERT INTO `keys` (roomID, residentID, location) VALUES (2, 2, '');
INSERT INTO `keys` (roomID, residentID, location) VALUES (2, 3, '');
INSERT INTO `keys` (roomID, residentID, location) VALUES (3, 4, '');
INSERT INTO `keys` (roomID, residentID, location) VALUES (3, 5, '');
INSERT INTO `keys` (roomID, residentID, location) VALUES (4, 6, '');
INSERT INTO `keys` (roomID, residentID, location) VALUES (4, 7, '');
INSERT INTO `keys` (roomID, residentID, location) VALUES (5, 8, '');
INSERT INTO `keys` (roomID, residentID, location) VALUES (5, 9, '');
INSERT INTO `keys` (roomID, residentID, location) VALUES (6, 10, '');
INSERT INTO `keys` (roomID, residentID, location) VALUES (6, 11, '');
INSERT INTO `keys` (roomID, residentID, location) VALUES (7, 12, '');
INSERT INTO `keys` (roomID, residentID, location) VALUES (7, 13, '');
INSERT INTO `keys` (roomID, residentID, location) VALUES (8, 14, '');
INSERT INTO `keys` (roomID, residentID, location) VALUES (8, 15, '');
INSERT INTO `keys` (roomID, residentID, location) VALUES (9, 16, '');
INSERT INTO `keys` (roomID, residentID, location) VALUES (9, 17, '');
INSERT INTO `keys` (roomID, residentID, location) VALUES (10, 18, '');
INSERT INTO `keys` (roomID, residentID, location) VALUES (10, 19, '');
INSERT INTO `keys` (roomID, residentID, location) VALUES (10, 20, '');
INSERT INTO `keys` (roomID, residentID, location) VALUES (10, 21, '');
INSERT INTO `keys` (roomID, residentID, location) VALUES (11, 22, '');
INSERT INTO `keys` (roomID, residentID, location) VALUES (11, 23, '');
INSERT INTO `keys` (roomID, residentID, location) VALUES (11, 24, '');
INSERT INTO `keys` (roomID, residentID, location) VALUES (11, 25, '');
INSERT INTO `keys` (roomID, residentID, location) VALUES (12, NULL, 'Hausmeister');
INSERT INTO `keys` (roomID, residentID, location) VALUES (13, NULL, 'Hausmeister');
INSERT INTO `keys` (roomID, residentID, location) VALUES (14, NULL, 'Hausmeister');
INSERT INTO `keys` (roomID, residentID, location) VALUES (15, NULL, 'Hausmeister');
INSERT INTO `keys` (roomID, residentID, location) VALUES (16, 26, '');
INSERT INTO `keys` (roomID, residentID, location) VALUES (16, 27, '');
INSERT INTO `keys` (roomID, residentID, location) VALUES (17, 28, '');
INSERT INTO `keys` (roomID, residentID, location) VALUES (17, 29, '');
INSERT INTO `keys` (roomID, residentID, location) VALUES (18, 30, '');
INSERT INTO `keys` (roomID, residentID, location) VALUES (18, 31, '');
INSERT INTO `keys` (roomID, residentID, location) VALUES (19, 32, '');
INSERT INTO `keys` (roomID, residentID, location) VALUES (19, NULL, 'Generalmanager');
INSERT INTO `keys` (roomID, residentID, location) VALUES (20, 33, '');
INSERT INTO `keys` (roomID, residentID, location) VALUES (20, NULL, 'Generalmanager');
INSERT INTO `keys` (roomID, residentID, location) VALUES (21, 34, '');
INSERT INTO `keys` (roomID, residentID, location) VALUES (21, NULL, 'Generalmanager');
INSERT INTO `keys` (roomID, residentID, location) VALUES (22, 35, '');
INSERT INTO `keys` (roomID, residentID, location) VALUES (22, NULL, 'Generalmanager');
INSERT INTO `keys` (roomID, residentID, location) VALUES (23, 36, '');
INSERT INTO `keys` (roomID, residentID, location) VALUES (23, NULL, 'Generalmanager');
INSERT INTO `keys` (roomID, residentID, location) VALUES (24, 37, '');
INSERT INTO `keys` (roomID, residentID, location) VALUES (24, NULL, 'Generalmanager');
INSERT INTO `keys` (roomID, residentID, location) VALUES (25, 38, '');
INSERT INTO `keys` (roomID, residentID, location) VALUES (26, NULL, 'Hausmeister');
INSERT INTO `keys` (roomID, residentID, location) VALUES (27, NULL, 'Hausmeister');
INSERT INTO `keys` (roomID, residentID, location) VALUES (28, NULL, 'Hausmeister');
INSERT INTO `keys` (roomID, residentID, location) VALUES (29, 39, '');
INSERT INTO `keys` (roomID, residentID, location) VALUES (29, 40, '');
INSERT INTO `keys` (roomID, residentID, location) VALUES (30, 62, '');
INSERT INTO `keys` (roomID, residentID, location) VALUES (30, 42, '');
INSERT INTO `keys` (roomID, residentID, location) VALUES (31, 43, '');
INSERT INTO `keys` (roomID, residentID, location) VALUES (31, 44, '');
INSERT INTO `keys` (roomID, residentID, location) VALUES (32, 45, '');
INSERT INTO `keys` (roomID, residentID, location) VALUES (32, NULL, 'Generalmanager');
INSERT INTO `keys` (roomID, residentID, location) VALUES (33, 46, '');
INSERT INTO `keys` (roomID, residentID, location) VALUES (33, NULL, 'Generalmanager');
INSERT INTO `keys` (roomID, residentID, location) VALUES (34, 47, '');
INSERT INTO `keys` (roomID, residentID, location) VALUES (34, NULL, 'Generalmanager');
INSERT INTO `keys` (roomID, residentID, location) VALUES (35, 48, '');
INSERT INTO `keys` (roomID, residentID, location) VALUES (35, NULL, 'Generalmanager');
INSERT INTO `keys` (roomID, residentID, location) VALUES (36, 49, '');
INSERT INTO `keys` (roomID, residentID, location) VALUES (36, NULL, 'Generalmanager');
INSERT INTO `keys` (roomID, residentID, location) VALUES (37, 50, '');
INSERT INTO `keys` (roomID, residentID, location) VALUES (37, NULL, 'Generalmanager');
INSERT INTO `keys` (roomID, residentID, location) VALUES (38, 51, '');
INSERT INTO `keys` (roomID, residentID, location) VALUES (38, NULL, 'Generalmanager');
INSERT INTO `keys` (roomID, residentID, location) VALUES (39, 52, '');
INSERT INTO `keys` (roomID, residentID, location) VALUES (39, NULL, 'Generalmanager');
INSERT INTO `keys` (roomID, residentID, location) VALUES (40, NULL, 'Hausmeister');
INSERT INTO `keys` (roomID, residentID, location) VALUES (41, NULL, 'Hausmeister');
INSERT INTO `keys` (roomID, residentID, location) VALUES (42, NULL, 'Hausmeister');
INSERT INTO `keys` (roomID, residentID, location) VALUES (43, NULL, 'Hausmeister');
INSERT INTO `keys` (roomID, residentID, location) VALUES (44, 53, '');
INSERT INTO `keys` (roomID, residentID, location) VALUES (44, 54, '');
INSERT INTO `keys` (roomID, residentID, location) VALUES (44, NULL, 'Generalmanager');
INSERT INTO `keys` (roomID, residentID, location) VALUES (44, NULL, 'Generalmanager');
INSERT INTO `keys` (roomID, residentID, location) VALUES (44, NULL, 'Generalmanager');
INSERT INTO `keys` (roomID, residentID, location) VALUES (44, NULL, 'Generalmanager');
INSERT INTO `keys` (roomID, residentID, location) VALUES (45, 55, '');
INSERT INTO `keys` (roomID, residentID, location) VALUES (46, NULL, 'Generalmanager');
INSERT INTO `keys` (roomID, residentID, location) VALUES (46, 56, '');
INSERT INTO `keys` (roomID, residentID, location) VALUES (47, 57, '');
INSERT INTO `keys` (roomID, residentID, location) VALUES (48, 58, '');
INSERT INTO `keys` (roomID, residentID, location) VALUES (48, NULL, 'Generalmanager');
INSERT INTO `keys` (roomID, residentID, location) VALUES (49, 59, '');
INSERT INTO `keys` (roomID, residentID, location) VALUES (49, NULL, 'Generalmanager');
INSERT INTO `keys` (roomID, residentID, location) VALUES (50, NULL, 'Hausmeister');
INSERT INTO `keys` (roomID, residentID, location) VALUES (51, NULL, 'Hausmeister');
INSERT INTO `keys` (roomID, residentID, location) VALUES (52, NULL, 'Hausmeister');
INSERT INTO `keys` (roomID, residentID, location) VALUES (53, 60, '');
INSERT INTO `keys` (roomID, residentID, location) VALUES (53, NULL, 'Generalmanager');
INSERT INTO `keys` (roomID, residentID, location) VALUES (54, 61, '');
INSERT INTO `keys` (roomID, residentID, location) VALUES (54, NULL, 'Generalmanager');
INSERT INTO `keys` (roomID, residentID, location) VALUES (55, 62, '');
INSERT INTO `keys` (roomID, residentID, location) VALUES (55, NULL, 'Generalmanager');
INSERT INTO `keys` (roomID, residentID, location) VALUES (56, 63, '');
INSERT INTO `keys` (roomID, residentID, location) VALUES (56, NULL, 'Generalmanager');
INSERT INTO `keys` (roomID, residentID, location) VALUES (57, 64, '');
INSERT INTO `keys` (roomID, residentID, location) VALUES (57, NULL, 'Generalmanager');
INSERT INTO `keys` (roomID, residentID, location) VALUES (58, 65, '');
INSERT INTO `keys` (roomID, residentID, location) VALUES (58, NULL, 'Generalmanager');
INSERT INTO `keys` (roomID, residentID, location) VALUES (59, 66, '');
INSERT INTO `keys` (roomID, residentID, location) VALUES (59, NULL, 'Generalmanager');
INSERT INTO `keys` (roomID, residentID, location) VALUES (60, 67, '');
INSERT INTO `keys` (roomID, residentID, location) VALUES (60, NULL, 'Generalmanager');
INSERT INTO `keys` (roomID, residentID, location) VALUES (61, 68, '');
INSERT INTO `keys` (roomID, residentID, location) VALUES (61, NULL, 'Generalmanager');
INSERT INTO `keys` (roomID, residentID, location) VALUES (62, 69, '');
INSERT INTO `keys` (roomID, residentID, location) VALUES (62, NULL, 'Generalmanager');
INSERT INTO `keys` (roomID, residentID, location) VALUES (63, 70, '');
INSERT INTO `keys` (roomID, residentID, location) VALUES (63, NULL, 'Generalmanager');
INSERT INTO `keys` (roomID, residentID, location) VALUES (64, NULL, 'Hausmeister');
INSERT INTO `keys` (roomID, residentID, location) VALUES (65, NULL, 'Hausmeister');
INSERT INTO `keys` (roomID, residentID, location) VALUES (66, NULL, 'Hausmeister');
INSERT INTO `keys` (roomID, residentID, location) VALUES (67, NULL, 'Hausmeister');
INSERT INTO `keys` (roomID, residentID, location) VALUES (68, 71, '');
INSERT INTO `keys` (roomID, residentID, location) VALUES (68, NULL, 'Generalmanager');
INSERT INTO `keys` (roomID, residentID, location) VALUES (69, 72, '');
INSERT INTO `keys` (roomID, residentID, location) VALUES (69, NULL, 'Generalmanager');
INSERT INTO `keys` (roomID, residentID, location) VALUES (70, 73, '');
INSERT INTO `keys` (roomID, residentID, location) VALUES (70, NULL, 'Generalmanager');
INSERT INTO `keys` (roomID, residentID, location) VALUES (71, 74, '');
INSERT INTO `keys` (roomID, residentID, location) VALUES (71, NULL, 'Generalmanager');
INSERT INTO `keys` (roomID, residentID, location) VALUES (72, 75, '');
INSERT INTO `keys` (roomID, residentID, location) VALUES (72, NULL, 'Generalmanager');
INSERT INTO `keys` (roomID, residentID, location) VALUES (73, 76, '');
INSERT INTO `keys` (roomID, residentID, location) VALUES (73, NULL, 'Generalmanager');
INSERT INTO `keys` (roomID, residentID, location) VALUES (74, 77, '');
INSERT INTO `keys` (roomID, residentID, location) VALUES (74, NULL, 'Generalmanager');
INSERT INTO `keys` (roomID, residentID, location) VALUES (75, 78, '');
INSERT INTO `keys` (roomID, residentID, location) VALUES (75, NULL, 'Generalmanager');
INSERT INTO `keys` (roomID, residentID, location) VALUES (76, NULL, 'Generalmanager');
INSERT INTO `keys` (roomID, residentID, location) VALUES (76, NULL, 'Generalmanager');
INSERT INTO `keys` (roomID, residentID, location) VALUES (77, 79, '');
INSERT INTO `keys` (roomID, residentID, location) VALUES (77, NULL, 'Generalmanager');
INSERT INTO `keys` (roomID, residentID, location) VALUES (78, NULL, 'Hausmeister');
INSERT INTO `keys` (roomID, residentID, location) VALUES (79, NULL, 'Hausmeister');
INSERT INTO `keys` (roomID, residentID, location) VALUES (80, 1, '');
INSERT INTO `keys` (roomID, residentID, location) VALUES (81, 9, '');
INSERT INTO `keys` (roomID, residentID, location) VALUES (82, 6, '');
INSERT INTO `keys` (roomID, residentID, location) VALUES (82, 7, '');
INSERT INTO `keys` (roomID, residentID, location) VALUES (83, 80, '');
INSERT INTO `keys` (roomID, residentID, location) VALUES (83, NULL, 'Generalmanager');
INSERT INTO `keys` (roomID, residentID, location) VALUES (84, 81, '');
INSERT INTO `keys` (roomID, residentID, location) VALUES (84, NULL, 'Generalmanager');
INSERT INTO `keys` (roomID, residentID, location) VALUES (85, 82, '');
INSERT INTO `keys` (roomID, residentID, location) VALUES (85, NULL, 'Generalmanager');
INSERT INTO `keys` (roomID, residentID, location) VALUES (86, 83, '');
INSERT INTO `keys` (roomID, residentID, location) VALUES (86, NULL, 'Generalmanager');
INSERT INTO `keys` (roomID, residentID, location) VALUES (87, 84, '');
INSERT INTO `keys` (roomID, residentID, location) VALUES (87, NULL, 'Generalmanager');
INSERT INTO `keys` (roomID, residentID, location) VALUES (88, 85, '');
INSERT INTO `keys` (roomID, residentID, location) VALUES (88, NULL, 'Generalmanager');
INSERT INTO `keys` (roomID, residentID, location) VALUES (89, NULL, '');
INSERT INTO `keys` (roomID, residentID, location) VALUES (89, NULL, 'Generalmanager');
INSERT INTO `keys` (roomID, residentID, location) VALUES (90, 86, '');
INSERT INTO `keys` (roomID, residentID, location) VALUES (90, NULL, 'Generalmanager');
INSERT INTO `keys` (roomID, residentID, location) VALUES (91, 87, '');
INSERT INTO `keys` (roomID, residentID, location) VALUES (91, NULL, 'Generalmanager');
INSERT INTO `keys` (roomID, residentID, location) VALUES (92, NULL, 'Hausmeister');
INSERT INTO `keys` (roomID, residentID, location) VALUES (93, NULL, 'Hausmeister');
INSERT INTO `keys` (roomID, residentID, location) VALUES (94, NULL, 'Hausmeister');
INSERT INTO `keys` (roomID, residentID, location) VALUES (95, NULL, 'Hausmeister');
INSERT INTO `keys` (roomID, residentID, location) VALUES (96, 39, '');
INSERT INTO `keys` (roomID, residentID, location) VALUES (97, 41, '');
INSERT INTO `keys` (roomID, residentID, location) VALUES (98, 88, '');
INSERT INTO `keys` (roomID, residentID, location) VALUES (98, NULL, 'Generalmanager');
INSERT INTO `keys` (roomID, residentID, location) VALUES (99, 89, '');
INSERT INTO `keys` (roomID, residentID, location) VALUES (99, NULL, 'Generalmanager');
INSERT INTO `keys` (roomID, residentID, location) VALUES (100, 90, '');
INSERT INTO `keys` (roomID, residentID, location) VALUES (100, NULL, 'Generalmanager');
INSERT INTO `keys` (roomID, residentID, location) VALUES (101, 91, '');
INSERT INTO `keys` (roomID, residentID, location) VALUES (101, NULL, 'Generalmanager');
INSERT INTO `keys` (roomID, residentID, location) VALUES (102, 92, '');
INSERT INTO `keys` (roomID, residentID, location) VALUES (102, NULL, 'Generalmanager');
INSERT INTO `keys` (roomID, residentID, location) VALUES (103, NULL, 'Generalmanager');
INSERT INTO `keys` (roomID, residentID, location) VALUES (103, NULL, 'Generalmanager');
INSERT INTO `keys` (roomID, residentID, location) VALUES (104, NULL, 'Generalmanager');
INSERT INTO `keys` (roomID, residentID, location) VALUES (104, NULL, 'Generalmanager');
INSERT INTO `keys` (roomID, residentID, location) VALUES (105, 93, '');
INSERT INTO `keys` (roomID, residentID, location) VALUES (105, NULL, 'Generalmanager');
INSERT INTO `keys` (roomID, residentID, location) VALUES (106, 94, '');
INSERT INTO `keys` (roomID, residentID, location) VALUES (106, NULL, 'Generalmanager');
INSERT INTO `keys` (roomID, residentID, location) VALUES (107, NULL, 'Generalmanager');
INSERT INTO `keys` (roomID, residentID, location) VALUES (107, NULL, 'Generalmanager');
INSERT INTO `keys` (roomID, residentID, location) VALUES (108, NULL, 'Generalmanager');
INSERT INTO `keys` (roomID, residentID, location) VALUES (108, NULL, 'Generalmanager');
INSERT INTO `keys` (roomID, residentID, location) VALUES (109, 95, '');
INSERT INTO `keys` (roomID, residentID, location) VALUES (109, NULL, 'Generalmanager');
INSERT INTO `keys` (roomID, residentID, location) VALUES (110, NULL, 'Generalmanager');
INSERT INTO `keys` (roomID, residentID, location) VALUES (110, NULL, 'Generalmanager');
INSERT INTO `keys` (roomID, residentID, location) VALUES (111, NULL, 'Generalmanager');
INSERT INTO `keys` (roomID, residentID, location) VALUES (111, NULL, 'Generalmanager');
INSERT INTO `keys` (roomID, residentID, location) VALUES (112, 96, '');
INSERT INTO `keys` (roomID, residentID, location) VALUES (112, NULL, 'Generalmanager');
INSERT INTO `keys` (roomID, residentID, location) VALUES (113, NULL, 'Generalmanager');
INSERT INTO `keys` (roomID, residentID, location) VALUES (113, NULL, 'Generalmanager');
INSERT INTO `keys` (roomID, residentID, location) VALUES (114, NULL, 'Generalmanager');
INSERT INTO `keys` (roomID, residentID, location) VALUES (114, NULL, 'Generalmanager');
INSERT INTO `keys` (roomID, residentID, location) VALUES (115, NULL, 'Generalmanager');
INSERT INTO `keys` (roomID, residentID, location) VALUES (115, NULL, 'Generalmanager');
INSERT INTO `keys` (roomID, residentID, location) VALUES (116, NULL, 'Generalmanager');
INSERT INTO `keys` (roomID, residentID, location) VALUES (116, NULL, 'Generalmanager');
INSERT INTO `keys` (roomID, residentID, location) VALUES (117, NULL, 'Hausmeister');
INSERT INTO `keys` (roomID, residentID, location) VALUES (118, NULL, 'Hausmeister');
INSERT INTO `keys` (roomID, residentID, location) VALUES (119, NULL, 'Hausmeister');
INSERT INTO `keys` (roomID, residentID, location) VALUES (120, NULL, 'Hausmeister');
INSERT INTO `keys` (roomID, residentID, location) VALUES (121, NULL, 'Generalmanager');
INSERT INTO `keys` (roomID, residentID, location) VALUES (122, NULL, 'Generalmanager');
INSERT INTO `keys` (roomID, residentID, location) VALUES (122, NULL, 'Generalmanager');
INSERT INTO `keys` (roomID, residentID, location) VALUES (123, NULL, 'Generalmanager');
INSERT INTO `keys` (roomID, residentID, location) VALUES (123, NULL, 'Generalmanager');
INSERT INTO `keys` (roomID, residentID, location) VALUES (124, NULL, 'Generalmanager');
INSERT INTO `keys` (roomID, residentID, location) VALUES (124, NULL, 'Generalmanager');
INSERT INTO `keys` (roomID, residentID, location) VALUES (125, 97, '');
INSERT INTO `keys` (roomID, residentID, location) VALUES (125, NULL, 'Generalmanager');
INSERT INTO `keys` (roomID, residentID, location) VALUES (126, 98, '');
INSERT INTO `keys` (roomID, residentID, location) VALUES (126, NULL, 'Generalmanager');
INSERT INTO `keys` (roomID, residentID, location) VALUES (127, 99, '');
INSERT INTO `keys` (roomID, residentID, location) VALUES (127, NULL, 'Generalmanager');
INSERT INTO `keys` (roomID, residentID, location) VALUES (128, 100, '');
INSERT INTO `keys` (roomID, residentID, location) VALUES (128, NULL, 'Generalmanager');
INSERT INTO `keys` (roomID, residentID, location) VALUES (129, 101, '');
INSERT INTO `keys` (roomID, residentID, location) VALUES (129, NULL, 'Generalmanager');
INSERT INTO `keys` (roomID, residentID, location) VALUES (130, 102, '');
INSERT INTO `keys` (roomID, residentID, location) VALUES (130, 103, '');
INSERT INTO `keys` (roomID, residentID, location) VALUES (130, NULL, 'Generalmanager');
INSERT INTO `keys` (roomID, residentID, location) VALUES (131, NULL, 'Hausmeister');
INSERT INTO `keys` (roomID, residentID, location) VALUES (132, NULL, 'Hausmeister');
INSERT INTO `keys` (roomID, residentID, location) VALUES (133, 77, '');
INSERT INTO `keys` (roomID, residentID, location) VALUES (133, 78, '');
INSERT INTO `keys` (roomID, residentID, location) VALUES (134, NULL, 'Hausmeister');
INSERT INTO `keys` (roomID, residentID, location) VALUES (135, NULL, 'Generalmanager');
INSERT INTO `keys` (roomID, residentID, location) VALUES (135, NULL, 'Generalmanager');
INSERT INTO `keys` (roomID, residentID, location) VALUES (136, NULL, 'Generalmanager');
INSERT INTO `keys` (roomID, residentID, location) VALUES (136, NULL, 'Generalmanager');
INSERT INTO `keys` (roomID, residentID, location) VALUES (137, 104, '');
INSERT INTO `keys` (roomID, residentID, location) VALUES (138, NULL, 'SysAdmin');
INSERT INTO `keys` (roomID, residentID, location) VALUES (139, 105, '');
INSERT INTO `keys` (roomID, residentID, location) VALUES (140, NULL, 'Generalmanager');
INSERT INTO `keys` (roomID, residentID, location) VALUES (140, NULL, 'Generalmanager');
INSERT INTO `keys` (roomID, residentID, location) VALUES (141, 106, '');
INSERT INTO `keys` (roomID, residentID, location) VALUES (141, NULL, 'Generalmanager');
INSERT INTO `keys` (roomID, residentID, location) VALUES (142, NULL, 'Generalmanager');
INSERT INTO `keys` (roomID, residentID, location) VALUES (142, NULL, 'Generalmanager');
INSERT INTO `keys` (roomID, residentID, location) VALUES (143, NULL, 'Generalmanager');
INSERT INTO `keys` (roomID, residentID, location) VALUES (143, NULL, 'Generalmanager');
INSERT INTO `keys` (roomID, residentID, location) VALUES (144, 107, '');
INSERT INTO `keys` (roomID, residentID, location) VALUES (144, NULL, 'Generalmanager');
INSERT INTO `keys` (roomID, residentID, location) VALUES (145, NULL, 'Hausmeister');
INSERT INTO `keys` (roomID, residentID, location) VALUES (146, NULL, 'Hausmeister');
INSERT INTO `keys` (roomID, residentID, location) VALUES (147, NULL, 'Hausmeister');
INSERT INTO `keys` (roomID, residentID, location) VALUES (148, NULL, 'Hausmeister');
INSERT INTO `keys` (roomID, residentID, location) VALUES (149, 108, '');
INSERT INTO `keys` (roomID, residentID, location) VALUES (149, NULL, 'Generalmanager');
INSERT INTO `keys` (roomID, residentID, location) VALUES (150, 109, '');
INSERT INTO `keys` (roomID, residentID, location) VALUES (150, NULL, 'Generalmanager');
INSERT INTO `keys` (roomID, residentID, location) VALUES (151, 110, '');
INSERT INTO `keys` (roomID, residentID, location) VALUES (151, NULL, 'Generalmanager');
INSERT INTO `keys` (roomID, residentID, location) VALUES (152, 111, '');
INSERT INTO `keys` (roomID, residentID, location) VALUES (153, 112, '');
INSERT INTO `keys` (roomID, residentID, location) VALUES (154, 113, '');
INSERT INTO `keys` (roomID, residentID, location) VALUES (154, NULL, 'Generalmanager');
INSERT INTO `keys` (roomID, residentID, location) VALUES (155, NULL, 'Hausmeister');
INSERT INTO `keys` (roomID, residentID, location) VALUES (156, NULL, 'Hausmeister');
INSERT INTO `keys` (roomID, residentID, location) VALUES (157, NULL, 'Hausmeister');
INSERT INTO `keys` (roomID, residentID, location) VALUES (158, 114, '');
INSERT INTO `keys` (roomID, residentID, location) VALUES (158, NULL, 'Generalmanager');
INSERT INTO `keys` (roomID, residentID, location) VALUES (159, NULL, 'Generalmanager');
INSERT INTO `keys` (roomID, residentID, location) VALUES (159, NULL, 'Generalmanager');

INSERT INTO room_resident (roomID, residentID, until) VALUES (1, 1, '2017-02-01');
INSERT INTO room_resident (roomID, residentID, until) VALUES (2, 2, '2017-02-01');
INSERT INTO room_resident (roomID, residentID, until) VALUES (2, 3, '2017-02-01');
INSERT INTO room_resident (roomID, residentID, until) VALUES (3, 4, '2017-02-01');
INSERT INTO room_resident (roomID, residentID, until) VALUES (3, 5, '2017-02-01');
INSERT INTO room_resident (roomID, residentID, until) VALUES (4, 6, '2017-02-01');
INSERT INTO room_resident (roomID, residentID, until) VALUES (4, 7, '2017-02-01');
INSERT INTO room_resident (roomID, residentID, until) VALUES (5, 8, '2017-02-01');
INSERT INTO room_resident (roomID, residentID, until) VALUES (5, 9, '2017-02-01');
INSERT INTO room_resident (roomID, residentID, until) VALUES (6, 10, '2017-02-01');
INSERT INTO room_resident (roomID, residentID, until) VALUES (6, 11, '2017-02-01');
INSERT INTO room_resident (roomID, residentID, until) VALUES (7, 12, '2017-02-01');
INSERT INTO room_resident (roomID, residentID, until) VALUES (7, 13, '2017-02-01');
INSERT INTO room_resident (roomID, residentID, until) VALUES (8, 14, '2017-02-01');
INSERT INTO room_resident (roomID, residentID, until) VALUES (8, 15, '2017-02-01');
INSERT INTO room_resident (roomID, residentID, until) VALUES (9, 16, '2017-02-01');
INSERT INTO room_resident (roomID, residentID, until) VALUES (9, 17, '2017-02-01');
INSERT INTO room_resident (roomID, residentID, until) VALUES (10, 18, '2017-02-01');
INSERT INTO room_resident (roomID, residentID, until) VALUES (10, 19, '2017-02-01');
INSERT INTO room_resident (roomID, residentID, until) VALUES (10, 20, '2017-02-01');
INSERT INTO room_resident (roomID, residentID, until) VALUES (10, 21, '2017-02-01');
INSERT INTO room_resident (roomID, residentID, until) VALUES (11, 22, '2017-02-01');
INSERT INTO room_resident (roomID, residentID, until) VALUES (11, 23, '2017-02-01');
INSERT INTO room_resident (roomID, residentID, until) VALUES (11, 24, '2017-02-01');
INSERT INTO room_resident (roomID, residentID, until) VALUES (11, 25, '2017-02-01');
INSERT INTO room_resident (roomID, residentID, until) VALUES (16, 26, '2017-02-01');
INSERT INTO room_resident (roomID, residentID, until) VALUES (16, 27, '2017-02-01');
INSERT INTO room_resident (roomID, residentID, until) VALUES (17, 28, '2017-02-01');
INSERT INTO room_resident (roomID, residentID, until) VALUES (17, 29, '2017-02-01');
INSERT INTO room_resident (roomID, residentID, until) VALUES (18, 30, '2017-02-01');
INSERT INTO room_resident (roomID, residentID, until) VALUES (18, 31, '2017-02-01');
INSERT INTO room_resident (roomID, residentID, until) VALUES (19, 32, '2017-02-01');
INSERT INTO room_resident (roomID, residentID, until) VALUES (20, 33, '2017-02-01');
INSERT INTO room_resident (roomID, residentID, until) VALUES (21, 34, '2017-02-01');
INSERT INTO room_resident (roomID, residentID, until) VALUES (22, 35, '2017-02-01');
INSERT INTO room_resident (roomID, residentID, until) VALUES (23, 36, '2017-02-01');
INSERT INTO room_resident (roomID, residentID, until) VALUES (24, 37, '2017-02-01');
INSERT INTO room_resident (roomID, residentID, until) VALUES (25, 38, '2017-02-01');
INSERT INTO room_resident (roomID, residentID, until) VALUES (29, 39, '2017-01-31');
INSERT INTO room_resident (roomID, residentID, until) VALUES (29, 40, '2017-01-31');
INSERT INTO room_resident (roomID, residentID, until) VALUES (30, 62, '2017-01-31');
INSERT INTO room_resident (roomID, residentID, until) VALUES (30, 42, '2017-01-31');
INSERT INTO room_resident (roomID, residentID, until) VALUES (31, 43, '2017-01-31');
INSERT INTO room_resident (roomID, residentID, until) VALUES (31, 44, '2017-01-31');
INSERT INTO room_resident (roomID, residentID, until) VALUES (32, 45, '2017-01-31');
INSERT INTO room_resident (roomID, residentID, until) VALUES (33, 46, '2017-01-31');
INSERT INTO room_resident (roomID, residentID, until) VALUES (34, 47, '2017-01-31');
INSERT INTO room_resident (roomID, residentID, until) VALUES (35, 48, '2017-01-31');
INSERT INTO room_resident (roomID, residentID, until) VALUES (36, 49, '2017-01-31');
INSERT INTO room_resident (roomID, residentID, until) VALUES (37, 50, '2017-01-31');
INSERT INTO room_resident (roomID, residentID, until) VALUES (38, 51, '2017-01-31');
INSERT INTO room_resident (roomID, residentID, until) VALUES (39, 52, '2017-01-31');
INSERT INTO room_resident (roomID, residentID, until) VALUES (44, 53, '2017-01-31');
INSERT INTO room_resident (roomID, residentID, until) VALUES (44, 54, '2017-01-31');
INSERT INTO room_resident (roomID, residentID, until) VALUES (45, 55, '2017-01-31');
INSERT INTO room_resident (roomID, residentID, until) VALUES (46, 56, '2017-01-31');
INSERT INTO room_resident (roomID, residentID, until) VALUES (47, 57, '2017-01-31');
INSERT INTO room_resident (roomID, residentID, until) VALUES (48, 58, '2017-01-31');
INSERT INTO room_resident (roomID, residentID, until) VALUES (49, 59, '2017-01-31');
INSERT INTO room_resident (roomID, residentID, until) VALUES (53, 60, '2017-01-31');
INSERT INTO room_resident (roomID, residentID, until) VALUES (54, 61, '2017-01-31');
INSERT INTO room_resident (roomID, residentID, until) VALUES (55, 62, '2017-01-31');
INSERT INTO room_resident (roomID, residentID, until) VALUES (56, 63, '2017-01-31');
INSERT INTO room_resident (roomID, residentID, until) VALUES (57, 64, '2017-01-31');
INSERT INTO room_resident (roomID, residentID, until) VALUES (58, 65, '2017-01-31');
INSERT INTO room_resident (roomID, residentID, until) VALUES (59, 66, '2017-01-31');
INSERT INTO room_resident (roomID, residentID, until) VALUES (60, 67, '2017-01-31');
INSERT INTO room_resident (roomID, residentID, until) VALUES (61, 68, '2017-01-31');
INSERT INTO room_resident (roomID, residentID, until) VALUES (62, 69, '2017-01-31');
INSERT INTO room_resident (roomID, residentID, until) VALUES (63, 70, '2017-01-31');
INSERT INTO room_resident (roomID, residentID, until) VALUES (68, 71, '2017-01-31');
INSERT INTO room_resident (roomID, residentID, until) VALUES (69, 72, '2017-01-31');
INSERT INTO room_resident (roomID, residentID, until) VALUES (70, 73, '2017-01-31');
INSERT INTO room_resident (roomID, residentID, until) VALUES (71, 74, '2017-01-31');
INSERT INTO room_resident (roomID, residentID, until) VALUES (72, 75, '2017-01-31');
INSERT INTO room_resident (roomID, residentID, until) VALUES (73, 76, '2017-01-31');
INSERT INTO room_resident (roomID, residentID, until) VALUES (74, 77, '2017-01-31');
INSERT INTO room_resident (roomID, residentID, until) VALUES (75, 78, '2016-11-30');
INSERT INTO room_resident (roomID, residentID, until) VALUES (77, 79, '2016-11-30');
INSERT INTO room_resident (roomID, residentID, until) VALUES (80, 1, '2016-11-30');
INSERT INTO room_resident (roomID, residentID, until) VALUES (81, 9, '2016-11-30');
INSERT INTO room_resident (roomID, residentID, until) VALUES (82, 6, '2016-11-30');
INSERT INTO room_resident (roomID, residentID, until) VALUES (82, 7, '2016-11-30');
INSERT INTO room_resident (roomID, residentID, until) VALUES (83, 80, '2016-11-30');
INSERT INTO room_resident (roomID, residentID, until) VALUES (84, 81, '2016-11-30');
INSERT INTO room_resident (roomID, residentID, until) VALUES (85, 82, '2016-11-30');
INSERT INTO room_resident (roomID, residentID, until) VALUES (86, 83, '2016-11-30');
INSERT INTO room_resident (roomID, residentID, until) VALUES (87, 84, '2016-11-30');
INSERT INTO room_resident (roomID, residentID, until) VALUES (88, 85, '2016-11-30');
INSERT INTO room_resident (roomID, residentID, until) VALUES (90, 86, '2016-11-30');
INSERT INTO room_resident (roomID, residentID, until) VALUES (91, 87, '2016-11-30');
INSERT INTO room_resident (roomID, residentID, until) VALUES (96, 39, '2016-11-30');
INSERT INTO room_resident (roomID, residentID, until) VALUES (97, 41, '2016-11-30');
INSERT INTO room_resident (roomID, residentID, until) VALUES (98, 88, '2016-11-30');
INSERT INTO room_resident (roomID, residentID, until) VALUES (99, 89, '2016-11-30');
INSERT INTO room_resident (roomID, residentID, until) VALUES (100, 90, '2016-11-30');
INSERT INTO room_resident (roomID, residentID, until) VALUES (101, 91, '2016-11-30');
INSERT INTO room_resident (roomID, residentID, until) VALUES (102, 92, '2016-11-30');
INSERT INTO room_resident (roomID, residentID, until) VALUES (105, 93, '2016-11-30');
INSERT INTO room_resident (roomID, residentID, until) VALUES (106, 94, '2016-11-30');
INSERT INTO room_resident (roomID, residentID, until) VALUES (109, 95, '2016-11-30');
INSERT INTO room_resident (roomID, residentID, until) VALUES (112, 96, '2016-11-30');
INSERT INTO room_resident (roomID, residentID, until) VALUES (125, 97, '2016-11-30');
INSERT INTO room_resident (roomID, residentID, until) VALUES (126, 98, '2016-11-30');
INSERT INTO room_resident (roomID, residentID, until) VALUES (127, 99, '2016-11-30');
INSERT INTO room_resident (roomID, residentID, until) VALUES (128, 100, '2016-11-30');
INSERT INTO room_resident (roomID, residentID, until) VALUES (129, 101, '2016-11-30');
INSERT INTO room_resident (roomID, residentID, until) VALUES (130, 102, '2016-11-30');
INSERT INTO room_resident (roomID, residentID, until) VALUES (130, 103, '2016-11-30');
INSERT INTO room_resident (roomID, residentID, until) VALUES (133, 77, '2016-11-30');
INSERT INTO room_resident (roomID, residentID, until) VALUES (133, 78, '2016-11-30');
INSERT INTO room_resident (roomID, residentID, until) VALUES (137, 104, '2016-11-30');
INSERT INTO room_resident (roomID, residentID, until) VALUES (139, 105, '2016-11-30');
INSERT INTO room_resident (roomID, residentID, until) VALUES (141, 106, '2016-11-30');
INSERT INTO room_resident (roomID, residentID, until) VALUES (144, 107, '2016-11-30');
INSERT INTO room_resident (roomID, residentID, until) VALUES (149, 108, '2016-11-30');
INSERT INTO room_resident (roomID, residentID, until) VALUES (150, 109, '2016-11-30');
INSERT INTO room_resident (roomID, residentID, until) VALUES (151, 110, '2016-11-30');
INSERT INTO room_resident (roomID, residentID, until) VALUES (152, 111, '2016-11-30');
INSERT INTO room_resident (roomID, residentID, until) VALUES (153, 112, '2016-11-30');
INSERT INTO room_resident (roomID, residentID, until) VALUES (154, 113, '2016-11-30');
INSERT INTO room_resident (roomID, residentID, until) VALUES (158, 114, '2016-11-30');

INSERT INTO `roles` (name, permissions) VALUES ('Coach', '11110011101100111111100101');
INSERT INTO `roles` (name, permissions) VALUES ('Coach Vertreter', '00111111111101010101010101');
INSERT INTO `roles` (name, permissions) VALUES ('Verwalter', '01010101010111110011100100');
INSERT INTO `roles` (name, permissions) VALUES ('Rasenbeauftragter', '00000011111111111111111111');
INSERT INTO `roles` (name, permissions) VALUES ('Linienrichter', '00000000111111111111111111');
INSERT INTO `roles` (name, permissions) VALUES ('Kioskbesitzer', '00000000001111111111111111');

INSERT INTO `user_units` (userID, unitID, roleID) VALUES (2, 2, 2);
INSERT INTO `user_units` (userID, unitID, roleID) VALUES (3, 3, 3);
INSERT INTO `user_units` (userID, unitID, roleID) VALUES (4, 4, 5);
INSERT INTO `user_units` (userID, unitID, roleID) VALUES (5, 5, 8);
INSERT INTO `user_units` (userID, unitID, roleID) VALUES (6, 6, 2);
INSERT INTO `user_units` (userID, unitID, roleID) VALUES (7, 7, 3);
INSERT INTO `user_units` (userID, unitID, roleID) VALUES (8, 8, 5);
INSERT INTO `user_units` (userID, unitID, roleID) VALUES (9, 9, 8);
INSERT INTO `user_units` (userID, unitID, roleID) VALUES (10, 10, 2);
INSERT INTO `user_units` (userID, unitID, roleID) VALUES (11, 11, 3);
INSERT INTO `user_units` (userID, unitID, roleID) VALUES (12, 12, 5);
INSERT INTO `user_units` (userID, unitID, roleID) VALUES (13, 13, 8);

INSERT INTO `utilisation_inventory` (useID, inventoryID, quantity) VALUES (1, 1, 1);
INSERT INTO `utilisation_inventory` (useID, inventoryID, quantity) VALUES (1, 2, 2);
INSERT INTO `utilisation_inventory` (useID, inventoryID, quantity) VALUES (1, 8, 1);
INSERT INTO `utilisation_inventory` (useID, inventoryID, quantity) VALUES (1, 15, 1);
INSERT INTO `utilisation_inventory` (useID, inventoryID, quantity) VALUES (1, 3, 1);
INSERT INTO `utilisation_inventory` (useID, inventoryID, quantity) VALUES (1, 4, 1);
INSERT INTO `utilisation_inventory` (useID, inventoryID, quantity) VALUES (1, 9, 1);
INSERT INTO `utilisation_inventory` (useID, inventoryID, quantity) VALUES (2, 5, 1);
INSERT INTO `utilisation_inventory` (useID, inventoryID, quantity) VALUES (2, 6, 1);
INSERT INTO `utilisation_inventory` (useID, inventoryID, quantity) VALUES (2, 7, 1);
INSERT INTO `utilisation_inventory` (useID, inventoryID, quantity) VALUES (2, 8, 2);
INSERT INTO `utilisation_inventory` (useID, inventoryID, quantity) VALUES (2, 9, 2);
INSERT INTO `utilisation_inventory` (useID, inventoryID, quantity) VALUES (2, 14, 1);
INSERT INTO `utilisation_inventory` (useID, inventoryID, quantity) VALUES (2, 17, 1);
INSERT INTO `utilisation_inventory` (useID, inventoryID, quantity) VALUES (2, 19, 2);
INSERT INTO `utilisation_inventory` (useID, inventoryID, quantity) VALUES (2, 20, 1);
INSERT INTO `utilisation_inventory` (useID, inventoryID, quantity) VALUES (2, 15, 1);
INSERT INTO `utilisation_inventory` (useID, inventoryID, quantity) VALUES (3, 2, 6);
INSERT INTO `utilisation_inventory` (useID, inventoryID, quantity) VALUES (3, 15, 8);
INSERT INTO `utilisation_inventory` (useID, inventoryID, quantity) VALUES (4, 11, 1);
INSERT INTO `utilisation_inventory` (useID, inventoryID, quantity) VALUES (4, 2, 1);
INSERT INTO `utilisation_inventory` (useID, inventoryID, quantity) VALUES (5, 10, 4);
INSERT INTO `utilisation_inventory` (useID, inventoryID, quantity) VALUES (13, 1, 2);
INSERT INTO `utilisation_inventory` (useID, inventoryID, quantity) VALUES (14, 20, 1);