INSERT INTO `ranks` (`rankID`, `label`, `short`) VALUES(2, 'Oberst', 'O');
INSERT INTO `ranks` (`rankID`, `label`, `short`) VALUES(3, 'Oberstleutnant', 'OTL');
INSERT INTO `ranks` (`rankID`, `label`, `short`) VALUES(4, 'Major', 'M');
INSERT INTO `ranks` (`rankID`, `label`, `short`) VALUES(5, 'Stabshauptmann', 'SH');
INSERT INTO `ranks` (`rankID`, `label`, `short`) VALUES(6, 'Hauptmann', 'H');
INSERT INTO `ranks` (`rankID`, `label`, `short`) VALUES(7, 'Oberleutnant', 'OL');
INSERT INTO `ranks` (`rankID`, `label`, `short`) VALUES(8, 'Leutnant', 'L');
INSERT INTO `ranks` (`rankID`, `label`, `short`) VALUES(9, 'Oberstabsfeldwebel', 'OSF');
INSERT INTO `ranks` (`rankID`, `label`, `short`) VALUES(10, 'Stabsfeldwebel', 'SF');
INSERT INTO `ranks` (`rankID`, `label`, `short`) VALUES(11, 'Hauptfeldwebel', 'HF');
INSERT INTO `ranks` (`rankID`, `label`, `short`) VALUES(12, 'Oberfeldwebel', 'OF');
INSERT INTO `ranks` (`rankID`, `label`, `short`) VALUES(13, 'Feldwebel', 'F');
INSERT INTO `ranks` (`rankID`, `label`, `short`) VALUES(14, 'Stabsunteroffizier', 'SU');
INSERT INTO `ranks` (`rankID`, `label`, `short`) VALUES(15, 'Unteroffizier', 'U');
INSERT INTO `ranks` (`rankID`, `label`, `short`) VALUES(16, 'Oberstabsgefreiter', 'OSG');
INSERT INTO `ranks` (`rankID`, `label`, `short`) VALUES(17, 'Stabsgefreiter', 'SG');
INSERT INTO `ranks` (`rankID`, `label`, `short`) VALUES(18, 'Hauptgefreiter', 'HG');
INSERT INTO `ranks` (`rankID`, `label`, `short`) VALUES(19, 'Obergefreiter', 'OG');
INSERT INTO `ranks` (`rankID`, `label`, `short`) VALUES(20, 'Gefreiter', 'G');
INSERT INTO `ranks` (`rankID`, `label`, `short`) VALUES(21, 'Soldat / Schütze', 'S');
INSERT INTO `ranks` (`rankID`, `label`, `short`) VALUES(22, 'Oberfähnrich', 'OFR');
INSERT INTO `ranks` (`rankID`, `label`, `short`) VALUES(23, 'Fähnrich', 'FR');
INSERT INTO `ranks` (`rankID`, `label`, `short`) VALUES(24, 'Kapitän­leutnant', 'KL');
INSERT INTO `ranks` (`rankID`, `label`, `short`) VALUES(25, 'Oberleutnant zur See', 'OLZS');
INSERT INTO `ranks` (`rankID`, `label`, `short`) VALUES(26, 'Oberfähnrich zur See', 'OFRZS');
INSERT INTO `ranks` (`rankID`, `label`, `short`) VALUES(27, 'Haupt­bootsmann', 'HB');
INSERT INTO `ranks` (`rankID`, `label`, `short`) VALUES(28, 'Fähnrich zur See', 'FRZS');
INSERT INTO `ranks` (`rankID`, `label`, `short`) VALUES(29, 'Bootsmann', 'B');
INSERT INTO `ranks` (`rankID`, `label`, `short`) VALUES(30, 'Oberfeldwebel (Offizieranwärter)', 'OF OA');
INSERT INTO `ranks` (`rankID`, `label`, `short`) VALUES(31, 'Stabsfeldwebel (Offizieranwärter)', 'SF OA');
INSERT INTO `ranks` (`rankID`, `label`, `short`) VALUES(32, 'Stabsbootsmann (Offizieranwärter)', 'SB OA');
INSERT INTO `ranks` (`rankID`, `label`, `short`) VALUES(33, 'Oberbootsmann (Offizieranwärter)', 'OB OA');
INSERT INTO `ranks` (`rankID`, `label`, `short`) VALUES(34, 'General', 'GEN');

INSERT INTO `user` (`username`, `password`, `forename`, `surname`, `rankID`) VALUES('Eckhardt', '5ebec80c396d57c916a771133bba2eb6', 'Maik', 'Eckhardt', 3);
INSERT INTO `user` (`username`, `password`, `forename`, `surname`, `rankID`) VALUES('Eckl', '5ebec80c396d57c916a771133bba2eb6', 'Markus', 'Eckl', 3);
INSERT INTO `user` (`username`, `password`, `forename`, `surname`, `rankID`) VALUES('Nass', '5ebec80c396d57c916a771133bba2eb6', 'Andreas', 'Nass', 3);
INSERT INTO `user` (`username`, `password`, `forename`, `surname`, `rankID`) VALUES('Schlaack', '5ebec80c396d57c916a771133bba2eb6', 'Andreas', 'Schlaack', 3);
INSERT INTO `user` (`username`, `password`, `forename`, `surname`, `rankID`) VALUES('Stark', '5ebec80c396d57c916a771133bba2eb6', 'Tony', 'Stark', 9);
INSERT INTO `user` (`username`, `password`, `forename`, `surname`, `rankID`) VALUES('Wayne', '5ebec80c396d57c916a771133bba2eb6', 'Bruce', 'Wayne', 9);
INSERT INTO `user` (`username`, `password`, `forename`, `surname`, `rankID`) VALUES('Kent', '5ebec80c396d57c916a771133bba2eb6', 'Clark', 'Kent', 16);
INSERT INTO `user` (`username`, `password`, `forename`, `surname`, `rankID`) VALUES('Zuse', '5ebec80c396d57c916a771133bba2eb6', 'Konrad', 'Zuse', 1);
INSERT INTO `user` (`username`, `password`, `forename`, `surname`, `rankID`) VALUES('Faust', '4d2ffd705d5956b386deb33fd69a5cbf', 'Alexander', 'Faust', 26);

INSERT INTO `buildings` (`buildingID`, `number`, `alias`, `notes`) VALUES(1, '01', '', 'Renovierung geplant im III Quartal 2016');
INSERT INTO `buildings` (`buildingID`, `number`, `alias`, `notes`) VALUES(2, '02', '', '');
INSERT INTO `buildings` (`buildingID`, `number`, `alias`, `notes`) VALUES(3, '03', '', '');
INSERT INTO `buildings` (`buildingID`, `number`, `alias`, `notes`) VALUES(4, '04', '', '');
INSERT INTO `buildings` (`buildingID`, `number`, `alias`, `notes`) VALUES(5, '05', '', '');
INSERT INTO `buildings` (`buildingID`, `number`, `alias`, `notes`) VALUES(6, '06', '', '');
INSERT INTO `buildings` (`buildingID`, `number`, `alias`, `notes`) VALUES(7, '07', '', 'Keller gesperrt wegen Schimmelbefall');
INSERT INTO `buildings` (`buildingID`, `number`, `alias`, `notes`) VALUES(8, '08', '', '');
INSERT INTO `buildings` (`buildingID`, `number`, `alias`, `notes`) VALUES(9, '09', '', '');
INSERT INTO `buildings` (`buildingID`, `number`, `alias`, `notes`) VALUES(10, '10', '', 'belegt mit HS 09 und HS 18');
INSERT INTO `buildings` (`buildingID`, `number`, `alias`, `notes`) VALUES(11, '11', '', 'HS 10');
INSERT INTO `buildings` (`buildingID`, `number`, `alias`, `notes`) VALUES(12, '55', 'Fachschulgebäude', '');

INSERT INTO `units` (`unitID`, `name`, `short`, `member`) VALUES(1, 'Fachschule der Luftwaffe', 'FSLw', 22);
INSERT INTO `units` (`unitID`, `name`, `short`, `member`) VALUES(2, '1. Inspektion', '1./FSLw', 1);
INSERT INTO `units` (`unitID`, `name`, `short`, `member`) VALUES(3, '2. Inspektion', '2./FSLw', 1);
INSERT INTO `units` (`unitID`, `name`, `short`, `member`) VALUES(4, 'Hörsaal 01', 'HS 01', 2);
INSERT INTO `units` (`unitID`, `name`, `short`, `member`) VALUES(5, 'Hörsaal 02', 'HS 02', 2);
INSERT INTO `units` (`unitID`, `name`, `short`, `member`) VALUES(6, 'Hörsaal 03', 'HS 03', 2);
INSERT INTO `units` (`unitID`, `name`, `short`, `member`) VALUES(7, 'Hörsaal 04', 'HS 04', 2);
INSERT INTO `units` (`unitID`, `name`, `short`, `member`) VALUES(8, 'Hörsaal 05', 'HS 05', 2);
INSERT INTO `units` (`unitID`, `name`, `short`, `member`) VALUES(9, 'Hörsaal 06', 'HS 06', 2);
INSERT INTO `units` (`unitID`, `name`, `short`, `member`) VALUES(10, 'Hörsaal 07', 'HS 07', 2);
INSERT INTO `units` (`unitID`, `name`, `short`, `member`) VALUES(11, 'Hörsaal 08', 'HS 08', 2);
INSERT INTO `units` (`unitID`, `name`, `short`, `member`) VALUES(12, 'Hörsaal 09', 'HS 09', 3);
INSERT INTO `units` (`unitID`, `name`, `short`, `member`) VALUES(13, 'Hörsaal 10', 'HS 10', 3);
INSERT INTO `units` (`unitID`, `name`, `short`, `member`) VALUES(14, 'Hörsaal 11', 'HS 11', 3);
INSERT INTO `units` (`unitID`, `name`, `short`, `member`) VALUES(15, 'Hörsaal 12', 'HS 12', 3);
INSERT INTO `units` (`unitID`, `name`, `short`, `member`) VALUES(16, 'Hörsaal 13', 'HS 13', 3);
INSERT INTO `units` (`unitID`, `name`, `short`, `member`) VALUES(17, 'Hörsaal 14', 'HS 14', 3);
INSERT INTO `units` (`unitID`, `name`, `short`, `member`) VALUES(18, 'Hörsaal 15', 'HS 15', 3);
INSERT INTO `units` (`unitID`, `name`, `short`, `member`) VALUES(19, 'Hörsaal 16', 'HS 16', 3);
INSERT INTO `units` (`unitID`, `name`, `short`, `member`) VALUES(20, 'Hörsaal 17', 'HS 17', 3);
INSERT INTO `units` (`unitID`, `name`, `short`, `member`) VALUES(21, 'Hörsaal 18', 'HS 18', 3);
INSERT INTO `units` (`unitID`, `name`, `short`, `member`) VALUES(22, 'Technisches Ausbildungszentrum der Luftwaffe Nord', 'TAZ NORD', NULL);

INSERT INTO `residents` (`residentID`, `forename`, `surname`, `rankID`, `sex`, `notes`, `unitID`) VALUES(1, 'Carsten', 'Müller', 22, 'male', '', 12);
INSERT INTO `residents` (`residentID`, `forename`, `surname`, `rankID`, `sex`, `notes`, `unitID`) VALUES(2, 'Alexander', 'Faust', 26, 'male', '', 12);
INSERT INTO `residents` (`residentID`, `forename`, `surname`, `rankID`, `sex`, `notes`, `unitID`) VALUES(3, 'Rafal', 'Welk', 22, 'male', '', 12);
INSERT INTO `residents` (`residentID`, `forename`, `surname`, `rankID`, `sex`, `notes`, `unitID`) VALUES(4, 'Jessica', 'Ottilie', 22, 'female', '', 12);
INSERT INTO `residents` (`residentID`, `forename`, `surname`, `rankID`, `sex`, `notes`, `unitID`) VALUES(5, 'Patrick', 'Sturies', 22, 'male', '', 12);
INSERT INTO `residents` (`residentID`, `forename`, `surname`, `rankID`, `sex`, `notes`, `unitID`) VALUES(6, 'Nadine', 'Eickelbaum', 26, 'female', '', 12);
INSERT INTO `residents` (`residentID`, `forename`, `surname`, `rankID`, `sex`, `notes`, `unitID`) VALUES(7, 'Dennis', 'Freitag', 22, 'male', '', 12);
INSERT INTO `residents` (`residentID`, `forename`, `surname`, `rankID`, `sex`, `notes`, `unitID`) VALUES(8, 'Elisabeth', 'Schöneberg', 22, 'female', '', 12);
INSERT INTO `residents` (`residentID`, `forename`, `surname`, `rankID`, `sex`, `notes`, `unitID`) VALUES(9, 'Rouven', 'Braden', 24, 'male', 'EK', 3);
INSERT INTO `residents` (`residentID`, `forename`, `surname`, `rankID`, `sex`, `notes`, `unitID`) VALUES(10, 'Markus', 'Eckl', 3, 'male', '', 3);
INSERT INTO `residents` (`residentID`, `forename`, `surname`, `rankID`, `sex`, `notes`, `unitID`) VALUES(11, 'Maik', 'Eckhardt', 3, 'male', '', 3);
INSERT INTO `residents` (`residentID`, `forename`, `surname`, `rankID`, `sex`, `notes`, `unitID`) VALUES(12, 'Andreas', 'Nass', 3, 'male', '', 3);
INSERT INTO `residents` (`residentID`, `forename`, `surname`, `rankID`, `sex`, `notes`, `unitID`) VALUES(13, 'Andreas', 'Schlaack', 3, 'male', '', 1);
INSERT INTO `residents` (`residentID`, `forename`, `surname`, `rankID`, `sex`, `notes`, `unitID`) VALUES(14, 'Stuart', 'Evil', 17, 'male', '', 12);
INSERT INTO `residents` (`residentID`, `forename`, `surname`, `rankID`, `sex`, `notes`, `unitID`) VALUES(15, 'Obi-Wan', 'Kenobi', 34, 'male', '', 13);
INSERT INTO `residents` (`residentID`, `forename`, `surname`, `rankID`, `sex`, `notes`, `unitID`) VALUES(16, 'Leia', 'Organa', 34, 'female', '', 13);
INSERT INTO `residents` (`residentID`, `forename`, `surname`, `rankID`, `sex`, `notes`, `unitID`) VALUES(17, 'Han', 'Solo', 34, 'male', '', 13);
INSERT INTO `residents` (`residentID`, `forename`, `surname`, `rankID`, `sex`, `notes`, `unitID`) VALUES(18, 'Wedge', 'Antilles', 6, 'male', '', 13);
INSERT INTO `residents` (`residentID`, `forename`, `surname`, `rankID`, `sex`, `notes`, `unitID`) VALUES(19, 'Kell', 'Tainer', 8, 'male', '', 13);
INSERT INTO `residents` (`residentID`, `forename`, `surname`, `rankID`, `sex`, `notes`, `unitID`) VALUES(20, 'Darth', 'Vader', 34, 'male', '', 13);
INSERT INTO `residents` (`residentID`, `forename`, `surname`, `rankID`, `sex`, `notes`, `unitID`) VALUES(21, 'Luke', 'Skywalker', 34, 'male', '', 13);
INSERT INTO `residents` (`residentID`, `forename`, `surname`, `rankID`, `sex`, `notes`, `unitID`) VALUES(22, 'Wilhuff', 'Tarkin', 6, 'male', '', 13);
INSERT INTO `residents` (`residentID`, `forename`, `surname`, `rankID`, `sex`, `notes`, `unitID`) VALUES(23, 'Lando', 'Calrissian', 34, 'male', '', 13);
INSERT INTO `residents` (`residentID`, `forename`, `surname`, `rankID`, `sex`, `notes`, `unitID`) VALUES(24, 'Wes', 'Janson', 8, 'male', '', 13);
INSERT INTO `residents` (`residentID`, `forename`, `surname`, `rankID`, `sex`, `notes`, `unitID`) VALUES(25, 'Mace', 'Windu', 34, 'male', '', 13);
INSERT INTO `residents` (`residentID`, `forename`, `surname`, `rankID`, `sex`, `notes`, `unitID`) VALUES(26, 'Boba', 'Fett', 21, 'male', '', 13);

INSERT INTO `room` (`roomID`, `number`, `maxoccupancy`, `notes`, `buildingID`, `unitID`, `useID`) VALUES(1, '0.01', 1, '', 10, 3, 1);
INSERT INTO `room` (`roomID`, `number`, `maxoccupancy`, `notes`, `buildingID`, `unitID`, `useID`) VALUES(2, '0.02', 1, '', 10, 3, 1);
INSERT INTO `room` (`roomID`, `number`, `maxoccupancy`, `notes`, `buildingID`, `unitID`, `useID`) VALUES(3, '0.03', 1, '', 10, 3, 1);
INSERT INTO `room` (`roomID`, `number`, `maxoccupancy`, `notes`, `buildingID`, `unitID`, `useID`) VALUES(4, '0.04', 1, '', 10, 3, 1);
INSERT INTO `room` (`roomID`, `number`, `maxoccupancy`, `notes`, `buildingID`, `unitID`, `useID`) VALUES(5, '0.05', 1, '', 10, 3, 1);
INSERT INTO `room` (`roomID`, `number`, `maxoccupancy`, `notes`, `buildingID`, `unitID`, `useID`) VALUES(6, '0.06', 1, '', 10, 3, 1);
INSERT INTO `room` (`roomID`, `number`, `maxoccupancy`, `notes`, `buildingID`, `unitID`, `useID`) VALUES(7, '0.07', 2, '', 10, 3, 1);
INSERT INTO `room` (`roomID`, `number`, `maxoccupancy`, `notes`, `buildingID`, `unitID`, `useID`) VALUES(8, '0.08', 2, '', 10, 3, 1);
INSERT INTO `room` (`roomID`, `number`, `maxoccupancy`, `notes`, `buildingID`, `unitID`, `useID`) VALUES(9, '0.09', 2, '', 10, 3, 1);
INSERT INTO `room` (`roomID`, `number`, `maxoccupancy`, `notes`, `buildingID`, `unitID`, `useID`) VALUES(10, '0.10', 4, 'Heimschläferstube', 10, 3, 1);
INSERT INTO `room` (`roomID`, `number`, `maxoccupancy`, `notes`, `buildingID`, `unitID`, `useID`) VALUES(11, '0.01', 2, '', 2, 2, 1);
INSERT INTO `room` (`roomID`, `number`, `maxoccupancy`, `notes`, `buildingID`, `unitID`, `useID`) VALUES(12, '0.02', 2, '', 2, 2, 1);
INSERT INTO `room` (`roomID`, `number`, `maxoccupancy`, `notes`, `buildingID`, `unitID`, `useID`) VALUES(13, '0.03', 2, '', 2, 2, 1);
INSERT INTO `room` (`roomID`, `number`, `maxoccupancy`, `notes`, `buildingID`, `unitID`, `useID`) VALUES(14, '0.04', 2, '', 2, 2, 1);
INSERT INTO `room` (`roomID`, `number`, `maxoccupancy`, `notes`, `buildingID`, `unitID`, `useID`) VALUES(15, '0.05', 2, '', 2, 2, 1);
INSERT INTO `room` (`roomID`, `number`, `maxoccupancy`, `notes`, `buildingID`, `unitID`, `useID`) VALUES(16, '0.06', 3, '', 2, 2, 1);
INSERT INTO `room` (`roomID`, `number`, `maxoccupancy`, `notes`, `buildingID`, `unitID`, `useID`) VALUES(17, '0.07', 4, '', 2, 2, 1);
INSERT INTO `room` (`roomID`, `number`, `maxoccupancy`, `notes`, `buildingID`, `unitID`, `useID`) VALUES(18, '0.08', 2, '', 2, 2, 1);
INSERT INTO `room` (`roomID`, `number`, `maxoccupancy`, `notes`, `buildingID`, `unitID`, `useID`) VALUES(19, '0.09', 1, '', 2, 2, 1);
INSERT INTO `room` (`roomID`, `number`, `maxoccupancy`, `notes`, `buildingID`, `unitID`, `useID`) VALUES(20, '0.10', 2, '', 2, 2, 1);
INSERT INTO `room` (`roomID`, `number`, `maxoccupancy`, `notes`, `buildingID`, `unitID`, `useID`) VALUES(21, '1.01', 4, '', 2, 2, 1);
INSERT INTO `room` (`roomID`, `number`, `maxoccupancy`, `notes`, `buildingID`, `unitID`, `useID`) VALUES(22, '1.02', 2, '', 2, 2, 1);
INSERT INTO `room` (`roomID`, `number`, `maxoccupancy`, `notes`, `buildingID`, `unitID`, `useID`) VALUES(23, '1.03', 4, '', 2, 2, 1);
INSERT INTO `room` (`roomID`, `number`, `maxoccupancy`, `notes`, `buildingID`, `unitID`, `useID`) VALUES(24, '1.04', 2, '', 2, 2, 1);
INSERT INTO `room` (`roomID`, `number`, `maxoccupancy`, `notes`, `buildingID`, `unitID`, `useID`) VALUES(25, '1.05', 2, '', 2, 2, 1);
INSERT INTO `room` (`roomID`, `number`, `maxoccupancy`, `notes`, `buildingID`, `unitID`, `useID`) VALUES(26, '1.06', 4, '', 2, 2, 1);
INSERT INTO `room` (`roomID`, `number`, `maxoccupancy`, `notes`, `buildingID`, `unitID`, `useID`) VALUES(27, '1.07', 2, '', 2, 2, 1);
INSERT INTO `room` (`roomID`, `number`, `maxoccupancy`, `notes`, `buildingID`, `unitID`, `useID`) VALUES(28, '1.08', 1, '', 2, 2, 1);
INSERT INTO `room` (`roomID`, `number`, `maxoccupancy`, `notes`, `buildingID`, `unitID`, `useID`) VALUES(29, '1.09', 2, '', 2, 2, 1);
INSERT INTO `room` (`roomID`, `number`, `maxoccupancy`, `notes`, `buildingID`, `unitID`, `useID`) VALUES(30, '1.10', 2, '', 2, 2, 1);
INSERT INTO `room` (`roomID`, `number`, `maxoccupancy`, `notes`, `buildingID`, `unitID`, `useID`) VALUES(31, '1.01', 2, '', 10, 3, 1);
INSERT INTO `room` (`roomID`, `number`, `maxoccupancy`, `notes`, `buildingID`, `unitID`, `useID`) VALUES(32, '1.02', 4, '', 10, 3, 1);
INSERT INTO `room` (`roomID`, `number`, `maxoccupancy`, `notes`, `buildingID`, `unitID`, `useID`) VALUES(33, '1.03', 2, '', 10, 3, 1);
INSERT INTO `room` (`roomID`, `number`, `maxoccupancy`, `notes`, `buildingID`, `unitID`, `useID`) VALUES(34, '1.04', 2, '', 10, 3, 1);
INSERT INTO `room` (`roomID`, `number`, `maxoccupancy`, `notes`, `buildingID`, `unitID`, `useID`) VALUES(35, '1.05', 2, '', 10, 3, 1);
INSERT INTO `room` (`roomID`, `number`, `maxoccupancy`, `notes`, `buildingID`, `unitID`, `useID`) VALUES(36, '1.06', 1, '', 10, 3, 1);
INSERT INTO `room` (`roomID`, `number`, `maxoccupancy`, `notes`, `buildingID`, `unitID`, `useID`) VALUES(37, '1.07', 2, '', 10, 3, 1);
INSERT INTO `room` (`roomID`, `number`, `maxoccupancy`, `notes`, `buildingID`, `unitID`, `useID`) VALUES(38, '1.08', 4, '', 10, 3, 1);
INSERT INTO `room` (`roomID`, `number`, `maxoccupancy`, `notes`, `buildingID`, `unitID`, `useID`) VALUES(39, '1.09', 2, '', 10, 3, 1);
INSERT INTO `room` (`roomID`, `number`, `maxoccupancy`, `notes`, `buildingID`, `unitID`, `useID`) VALUES(40, '1.10', 2, '', 10, 3, 1);
INSERT INTO `room` (`roomID`, `number`, `maxoccupancy`, `notes`, `buildingID`, `unitID`, `useID`) VALUES(41, '0.07', 24, 'IT-Labor', 12, 1, 1);
INSERT INTO `room` (`roomID`, `number`, `maxoccupancy`, `notes`, `buildingID`, `unitID`, `useID`) VALUES(42, '0.01', 1, 'KDR', 12, 1, 1);
INSERT INTO `room` (`roomID`, `number`, `maxoccupancy`, `notes`, `buildingID`, `unitID`, `useID`) VALUES(43, '0.02', 1, 'Vorzimmer KDR', 12, 1, 1);
INSERT INTO `room` (`roomID`, `number`, `maxoccupancy`, `notes`, `buildingID`, `unitID`, `useID`) VALUES(44, '0.03', 1, 'LehrStOffz', 12, 1, 1);
INSERT INTO `room` (`roomID`, `number`, `maxoccupancy`, `notes`, `buildingID`, `unitID`, `useID`) VALUES(45, '0.04', 2, 'LehrOffz', 12, 1, 1);
INSERT INTO `room` (`roomID`, `number`, `maxoccupancy`, `notes`, `buildingID`, `unitID`, `useID`) VALUES(46, '1.11', 3, 'GeZi', 12, 1, 1);
INSERT INTO `room` (`roomID`, `number`, `maxoccupancy`, `notes`, `buildingID`, `unitID`, `useID`) VALUES(47, '1.14', 16, 'Lehrsaal HS 09', 12, 1, 1);

INSERT INTO `room_resident` (`rrID`, `roomID`, `residentID`, `until`) VALUES(1, 10, 3, '2016-07-15');
INSERT INTO `room_resident` (`rrID`, `roomID`, `residentID`, `until`) VALUES(2, 10, 1, '2016-07-15');
INSERT INTO `room_resident` (`rrID`, `roomID`, `residentID`, `until`) VALUES(3, 9, 2, '2017-08-18');
INSERT INTO `room_resident` (`rrID`, `roomID`, `residentID`, `until`) VALUES(4, 41, 2, NULL);
INSERT INTO `room_resident` (`rrID`, `roomID`, `residentID`, `until`) VALUES(5, 41, 1, NULL);
INSERT INTO `room_resident` (`rrID`, `roomID`, `residentID`, `until`) VALUES(6, 41, 3, NULL);
INSERT INTO `room_resident` (`rrID`, `roomID`, `residentID`, `until`) VALUES(7, 41, 4, NULL);
INSERT INTO `room_resident` (`rrID`, `roomID`, `residentID`, `until`) VALUES(8, 40, 4, '2016-07-15');
INSERT INTO `room_resident` (`rrID`, `roomID`, `residentID`, `until`) VALUES(9, 2, 8, '2016-07-15');
INSERT INTO `room_resident` (`rrID`, `roomID`, `residentID`, `until`) VALUES(10, 6, 6, '2016-07-15');
INSERT INTO `room_resident` (`rrID`, `roomID`, `residentID`, `until`) VALUES(11, 5, 7, NULL);
INSERT INTO `room_resident` (`rrID`, `roomID`, `residentID`, `until`) VALUES(12, 7, 5, '2016-07-15');
INSERT INTO `room_resident` (`rrID`, `roomID`, `residentID`, `until`) VALUES(13, 41, 6, NULL);
INSERT INTO `room_resident` (`rrID`, `roomID`, `residentID`, `until`) VALUES(14, 41, 7, NULL);
INSERT INTO `room_resident` (`rrID`, `roomID`, `residentID`, `until`) VALUES(15, 41, 8, NULL);
INSERT INTO `room_resident` (`rrID`, `roomID`, `residentID`, `until`) VALUES(16, 41, 5, NULL);
INSERT INTO `room_resident` (`rrID`, `roomID`, `residentID`, `until`) VALUES(17, 41, 9, NULL);
INSERT INTO `room_resident` (`rrID`, `roomID`, `residentID`, `until`) VALUES(18, 11, 9, '2016-06-10');

INSERT INTO `roles` (`roleID`, `name`, `permissions`) VALUES(3, 'S6 - Admin', '01110111111100000000000000');
INSERT INTO `roles` (`roleID`, `name`, `permissions`) VALUES(4, 'Hörsaalleiter', '00000000000000000000100000');
INSERT INTO `roles` (`roleID`, `name`, `permissions`) VALUES(5, 'Inspektionsfeldwebel', '00110011111111000011100000');
INSERT INTO `roles` (`roleID`, `name`, `permissions`) VALUES(6, 'Inspektionschef', '00110111111111000011100000');
INSERT INTO `roles` (`roleID`, `name`, `permissions`) VALUES(7, 'GeZi', '00000000000111000011100000');

INSERT INTO `user_units` (`uuID`, `userID`, `unitID`, `roleID`) VALUES(5, 4, 3, 2);
INSERT INTO `user_units` (`uuID`, `userID`, `unitID`, `roleID`) VALUES(6, 4, 13, 4);
INSERT INTO `user_units` (`uuID`, `userID`, `unitID`, `roleID`) VALUES(7, 2, 2, 2);
INSERT INTO `user_units` (`uuID`, `userID`, `unitID`, `roleID`) VALUES(8, 2, 3, 6);
INSERT INTO `user_units` (`uuID`, `userID`, `unitID`, `roleID`) VALUES(9, 3, 3, 2);
INSERT INTO `user_units` (`uuID`, `userID`, `unitID`, `roleID`) VALUES(10, 3, 12, 4);
INSERT INTO `user_units` (`uuID`, `userID`, `unitID`, `roleID`) VALUES(14, 6, 2, 2);
INSERT INTO `user_units` (`uuID`, `userID`, `unitID`, `roleID`) VALUES(15, 6, 3, 5);
INSERT INTO `user_units` (`uuID`, `userID`, `unitID`, `roleID`) VALUES(16, 7, 2, 5);
INSERT INTO `user_units` (`uuID`, `userID`, `unitID`, `roleID`) VALUES(17, 7, 3, 2);
INSERT INTO `user_units` (`uuID`, `userID`, `unitID`, `roleID`) VALUES(18, 8, 1, 7);
INSERT INTO `user_units` (`uuID`, `userID`, `unitID`, `roleID`) VALUES(19, 5, 1, 2);
INSERT INTO `user_units` (`uuID`, `userID`, `unitID`, `roleID`) VALUES(20, 9, 1, 3);
INSERT INTO `user_units` (`uuID`, `userID`, `unitID`, `roleID`) VALUES(21, 10, NULL, 1);
